Player,Span,Mat,Inns,NO,Runs,HS,Ave,BF,SR,hundreds,fiftys,duck
"SR Tendulkar (INDIA)",1989-2012,463,452,41,18426,200*,44.83,21367,86.23,49,96,20
"KC Sangakkara (Asia/ICC/SL)",2000-2015,404,380,41,14234,169,41.98,18048,78.86,25,93,15
"RT Ponting (AUS/ICC)",1995-2012,375,365,39,13704,164,42.03,17046,80.39,30,82,20
"ST Jayasuriya (Asia/SL)",1989-2011,445,433,18,13430,189,32.36,14725,91.2,28,68,34
"DPMD Jayawardene (Asia/SL)",1998-2015,448,418,39,12650,144,33.37,16020,78.96,19,77,28
"Inzamam-ul-Haq (Asia/PAK)",1991-2007,378,350,53,11739,137*,39.52,15812,74.24,10,83,20
"V Kohli (INDIA)",2008-2019,242,233,39,11609,183,59.84,12445,93.28,43,55,13
"JH Kallis (Afr/ICC/SA)",1996-2014,328,314,53,11579,139,44.36,15885,72.89,17,86,17
"SC Ganguly (Asia/INDIA)",1992-2007,311,300,23,11363,183,41.02,15416,73.7,22,72,16
"R Dravid (Asia/ICC/INDIA)",1996-2011,344,318,40,10889,153,39.16,15284,71.24,12,83,13
"MS Dhoni (Asia/INDIA)",2004-2019,350,297,84,10773,183*,50.57,12303,87.56,10,73,10
"CH Gayle (ICC/WI)",1999-2019,301,294,17,10480,215,37.83,12019,87.19,25,54,25
"BC Lara (ICC/WI)",1990-2007,299,289,32,10405,169,40.48,13086,79.51,19,63,16
"TM Dilshan (SL)",1999-2016,330,303,41,10290,161*,39.27,11933,86.23,22,47,11
"Mohammad Yousuf (Asia/PAK)",1998-2010,288,273,40,9720,141*,41.71,12942,75.1,15,64,15
"AC Gilchrist (AUS/ICC)",1996-2008,287,279,11,9619,172,35.89,9922,96.94,16,55,19
"AB de Villiers (Afr/SA)",2005-2018,228,218,39,9577,176,53.5,9473,101.09,25,53,7
"M Azharuddin (INDIA)",1985-2000,334,308,54,9378,153*,36.92,12669,74.02,7,58,9
"PA de Silva (SL)",1984-2003,308,296,30,9284,145,34.9,11443,81.13,11,64,17
"RG Sharma (INDIA)",2007-2019,221,214,32,8944,264,49.14,10063,88.88,28,43,13
"Saeed Anwar (PAK)",1989-2003,247,244,19,8824,194,39.21,10938,80.67,20,43,15
"S Chanderpaul (WI)",1994-2011,268,251,40,8778,150,41.6,12408,70.74,11,59,6
"Yuvraj Singh (Asia/INDIA)",2000-2017,304,278,40,8701,150,36.55,9924,87.67,14,52,18
"DL Haynes (WI)",1978-1994,238,237,28,8648,152*,41.37,13707,63.09,17,57,13
"MS Atapattu (SL)",1990-2007,268,259,32,8529,132*,37.57,12594,67.72,11,59,13
"ME Waugh (AUS)",1988-2002,244,236,20,8500,173,39.35,11053,76.9,18,50,16
"LRPL Taylor (NZ)",2006-2019,228,212,37,8376,181*,47.86,10091,83,20,50,9
"V Sehwag (Asia/ICC/INDIA)",1999-2013,251,245,9,8273,219,35.05,7929,104.33,15,38,14
"HM Amla (SA)",2008-2019,181,178,14,8113,159,49.46,9178,88.39,27,39,4
"HH Gibbs (SA)",1996-2010,248,240,16,8094,175,36.13,9721,83.26,21,37,22
"Shahid Afridi (Asia/ICC/PAK)",1996-2015,398,369,27,8064,124,23.57,6892,117,6,39,30
"SP Fleming (ICC/NZ)",1994-2007,280,269,21,8037,134*,32.4,11242,71.49,8,49,17
"MJ Clarke (AUS)",2003-2015,245,223,44,7981,130,44.58,10104,78.98,8,58,10
"SR Waugh (AUS)",1986-2002,325,288,58,7569,120*,32.9,9971,75.91,3,45,15
"Shoaib Malik (PAK)",1999-2019,287,258,40,7534,143,34.55,9199,81.9,9,44,15
"A Ranatunga (SL)",1982-1999,269,255,47,7456,131*,35.84,9571,77.9,4,49,18
"Javed Miandad (PAK)",1975-1996,233,218,41,7381,119*,41.7,11014,67.01,8,50,8
"EJG Morgan (ENG/IRE)",2006-2019,233,217,32,7348,148,39.71,8053,91.24,13,46,15
"Younis Khan (PAK)",2000-2015,265,255,23,7249,144,31.24,9628,75.29,7,48,22
"Saleem Malik (PAK)",1982-1999,283,256,38,7170,102,32.88,9383,76.41,5,47,19
"NJ Astle (NZ)",1995-2007,223,217,14,7090,145*,34.92,9760,72.64,16,41,19
"GC Smith (Afr/SA)",2002-2013,197,194,10,6989,141,37.98,8648,80.81,10,47,8
"WU Tharanga (Asia/SL)",2005-2019,235,223,17,6951,174*,33.74,9155,75.92,15,37,17
"MG Bevan (AUS)",1994-2004,232,196,67,6912,108*,53.58,9320,74.16,6,46,5
"Tamim Iqbal (BDESH)",2007-2019,204,202,8,6892,154,35.52,8865,77.74,11,47,18
"G Kirsten (SA)",1993-2003,185,185,19,6798,188*,40.95,9436,72.04,13,45,11
"A Flower (ZIM)",1992-2003,213,208,16,6786,145,35.34,9097,74.59,4,55,13
"IVA Richards (WI)",1975-1991,187,167,24,6721,189*,47,7451,90.2,11,45,7
"MJ Guptill (NZ)",2009-2019,179,176,19,6626,237*,42.2,7586,87.34,16,35,15
"Mohammad Hafeez (PAK)",2003-2019,218,216,15,6614,140*,32.9,8633,76.61,11,38,19
"GW Flower (ZIM)",1992-2010,221,214,18,6571,142*,33.52,9723,67.58,6,40,18
"Ijaz Ahmed (PAK)",1986-2000,250,232,29,6564,139*,32.33,8174,80.3,10,37,14
"AR Border (AUS)",1979-1994,273,252,39,6524,127*,30.62,9134,71.42,3,39,11
"Shakib Al Hasan (BDESH)",2006-2019,206,194,27,6323,134*,37.86,7641,82.75,9,47,10
"BRM Taylor (ZIM)",2004-2019,193,192,15,6293,145*,35.55,8256,76.22,10,38,15
"RB Richardson (WI)",1983-1996,224,217,30,6248,122,33.41,9801,63.74,5,44,8
"ML Hayden (AUS/ICC)",1993-2008,161,155,15,6133,181*,43.8,7767,78.96,10,36,9
"KS Williamson (NZ)",2010-2019,149,142,14,6132,148,47.9,7494,81.82,13,39,5
"Mushfiqur Rahim (BDESH)",2006-2019,216,202,34,6100,144,36.3,7718,79.03,7,37,10
"BB McCullum (NZ)",2002-2016,260,228,28,6083,166,30.41,6312,96.37,5,32,20
"DM Jones (AUS)",1984-1994,164,161,25,6068,145,44.61,8362,72.56,7,46,6
"DC Boon (AUS)",1984-1995,181,177,16,5964,122,37.04,9157,65.13,5,37,6
"JN Rhodes (SA)",1992-2003,245,220,51,5935,121,35.11,7336,80.9,2,33,12
"JE Root (ENG)",2013-2019,143,135,21,5856,133*,51.36,6702,87.37,16,33,4
"Rameez Raja (PAK)",1985-1997,198,197,15,5841,119*,32.09,9226,63.31,9,31,15
"AD Mathews (SL)",2008-2019,214,184,48,5812,139*,42.73,6974,83.33,3,40,15
"RR Sarwan (WI)",2000-2013,181,169,33,5804,120*,42.67,7663,75.74,5,38,8
"CL Hooper (WI)",1987-2003,227,206,43,5761,113*,35.34,7517,76.63,7,29,7
"SR Watson (AUS)",2002-2015,190,169,27,5757,185*,40.54,6365,90.44,9,33,12
"H Masakadza (ZIM)",2001-2019,209,208,4,5658,178*,27.73,7728,73.21,5,34,15
"SK Raina (INDIA)",2005-2018,226,194,35,5615,116*,35.31,6005,93.5,5,36,14
"MN Samuels (WI)",2000-2018,207,196,26,5606,133*,32.97,7463,75.11,10,30,11
"WJ Cronje (SA)",1992-2000,188,175,31,5565,112,38.64,7277,76.47,2,39,8
"S Dhawan (INDIA)",2010-2019,133,131,7,5518,143,44.5,5869,94.01,17,27,5
"F du Plessis (SA)",2011-2019,143,136,20,5507,185,47.47,6215,88.6,12,35,3
"MEK Hussey (AUS)",2004-2012,185,157,44,5442,109*,48.15,6243,87.16,3,39,3
"IR Bell (ENG)",2004-2015,161,157,14,5416,141,37.87,7019,77.16,4,35,6
"A Jadeja (INDIA)",1992-2000,196,179,36,5359,119,37.47,7677,69.8,6,30,10
"DR Martyn (AUS)",1992-2006,208,182,51,5346,144*,40.8,6877,77.73,5,37,10
"G Gambhir (INDIA)",2003-2013,147,143,11,5238,150*,39.68,6144,85.25,11,34,11
"ADR Campbell (ZIM)",1992-2003,188,184,14,5185,131*,30.5,7834,66.18,7,30,11
"RS Mahanama (SL)",1986-1999,213,198,23,5162,119*,29.49,8521,60.57,4,35,15
"CG Greenidge (WI)",1975-1991,128,127,13,5134,133*,45.03,7908,64.92,11,31,3
"Misbah-ul-Haq (PAK)",2002-2015,162,149,31,5122,96*,43.4,6945,73.75,0,42,6
"JP Duminy (SA)",2004-2019,199,179,40,5117,150*,36.81,6052,84.55,4,27,7
"PD Collingwood (ENG)",2001-2011,197,181,37,5092,120*,35.36,6614,76.98,5,26,7
"A Symonds (AUS)",1998-2009,198,161,33,5088,156,39.75,5504,92.44,6,30,15
"Abdul Razzaq (Asia/PAK)",1996-2011,265,228,57,5080,112,29.7,6252,81.25,3,23,14
"DA Warner (AUS)",2009-2019,116,114,5,4990,179,45.77,5222,95.55,17,20,2
"CL Cairns (ICC/NZ)",1991-2006,215,193,25,4950,115,29.46,5874,84.26,4,26,9
"Q de Kock (SA)",2013-2019,115,115,6,4907,178,45.01,5154,95.2,14,24,3
"Aamer Sohail (PAK)",1990-2000,156,155,5,4780,134,31.86,7297,65.5,5,31,10
"CD McMillan (NZ)",1997-2007,197,183,16,4707,117,28.18,6198,75.94,3,28,9
"MD Crowe (NZ)",1982-1995,143,140,18,4704,107*,38.55,6476,72.63,4,34,3
"MV Boucher (Afr/SA)",1998-2011,295,221,57,4686,147*,28.57,5528,84.76,1,26,16
"AJ Stewart (ENG)",1989-2003,170,162,14,4677,116,31.6,6841,68.36,4,28,13
"AJ Finch (AUS)",2013-2019,119,115,2,4559,153*,40.34,5093,89.51,15,24,11
"SB Styris (NZ)",1999-2011,188,161,23,4483,141,32.48,5645,79.41,4,28,9
"KP Pietersen (ENG/ICC)",2004-2013,136,125,16,4440,130,40.73,5128,86.58,9,25,7
"NS Sidhu (INDIA)",1987-1998,136,127,8,4413,134*,37.08,6329,69.72,6,33,7
"CZ Harris (NZ)",1990-2004,250,213,62,4379,130,29,6583,66.51,1,16,12
"GR Marsh (AUS)",1986-1992,117,115,6,4357,126*,39.97,7790,55.93,9,22,4
"E Chigumbura (Afr/ZIM)",2004-2018,213,198,26,4340,117,25.23,5423,80.02,2,19,17
"ME Trescothick (ENG)",2000-2006,123,122,6,4335,137,37.37,5087,85.21,12,21,13
"GA Gooch (ENG)",1976-1995,125,122,6,4290,142,36.98,6932,61.88,8,23,4
"AJ Strauss (ENG)",2003-2011,127,126,8,4205,158,35.63,5195,80.94,6,27,9
"K Srikkanth (INDIA)",1981-1992,146,145,4,4091,123,29.01,5702,71.74,4,27,11
"PR Stirling (IRE)",2008-2019,114,111,2,4038,177,37.04,4627,87.27,8,23,10
"WTS Porterfield (IRE)",2006-2019,136,133,3,4037,139,31.05,5818,69.38,11,17,9
"AJ Lamb (ENG)",1982-1992,122,118,16,4010,118,39.31,5308,75.54,4,26,8
"Mahmudullah (BDESH)",2007-2019,185,160,42,3994,128*,33.84,5222,76.48,3,21,8
"RP Arnold (SL)",1997-2007,180,155,43,3950,103,35.26,5443,72.57,1,28,7
"AP Gurusinha (SL)",1985-1996,147,143,5,3902,117*,28.27,6409,60.88,2,22,12
"JG Wright (NZ)",1978-1992,149,148,1,3891,101,26.46,6804,57.18,1,24,9
"DJ Cullinan (SA)",1993-2000,138,133,16,3860,124,32.99,5492,70.28,3,23,10
"GA Hick (ENG)",1991-2001,120,118,15,3846,126*,37.33,5191,74.08,5,27,10
"JC Buttler (ENG)",2012-2019,142,117,23,3843,150,40.88,3207,119.83,9,20,12
"SPD Smith (AUS)",2010-2019,118,104,12,3810,164,41.41,4414,86.31,8,23,5
"HP Tillakaratne (SL)",1986-2003,200,168,40,3789,104,29.6,6588,57.51,2,13,10
"N Kapil Dev (INDIA)",1978-1994,225,198,39,3783,175*,23.79,3979,95.07,1,14,13
"Wasim Akram (PAK)",1984-2003,356,280,55,3717,86,16.52,4208,88.33,0,6,28
"SC Williams (ZIM)",2005-2019,131,127,18,3717,129*,34.1,4546,81.76,3,31,7
"RS Kaluwitharana (SL)",1990-2004,189,181,14,3711,102*,22.22,4776,77.7,2,23,24
"Imran Khan (PAK)",1974-1992,175,151,40,3709,102*,33.41,5105,72.65,1,19,6
"PV Simmons (WI)",1987-1999,143,138,11,3675,122,28.93,5407,67.96,5,18,14
"NV Knight (ENG)",1996-2003,100,100,10,3637,125*,40.41,5085,71.52,5,25,6
"LD Chandimal (SL)",2010-2019,146,132,21,3599,111,32.42,4855,74.12,4,22,11
"L Klusener (SA)",1996-2004,171,137,50,3576,103*,41.1,3977,89.91,2,19,13
"SM Pollock (Afr/ICC/SA)",1996-2008,303,205,72,3519,130,26.45,4059,86.69,1,14,20
"MA Taylor (AUS)",1989-1997,113,110,1,3514,105,32.23,5909,59.46,1,28,4
"DB Vengsarkar (INDIA)",1976-1991,129,120,19,3508,105,34.73,5179,67.73,1,23,7
"KJ O'Brien (IRE)",2006-2019,142,130,17,3490,142,30.88,3922,88.98,2,18,5
"Mohammad Ashraful (Asia/BDESH)",2001-2013,177,169,13,3468,109,22.23,4947,70.1,3,20,14
"SO Tikolo (Afr/KENYA)",1996-2014,135,130,12,3428,111,29.05,4524,75.77,3,24,13
"HH Dippenaar (Afr/SA)",1999-2007,107,95,14,3421,125*,42.23,5047,67.78,4,26,4
"A Flintoff (ENG/ICC)",1999-2009,141,122,16,3394,123,32.01,3821,88.82,3,18,9
"T Taibu (Afr/ZIM)",2001-2012,150,137,21,3393,107*,29.25,5020,67.58,2,22,16
"JJ Roy (ENG)",2015-2019,84,81,2,3381,180,42.79,3148,107.4,9,18,7
"KC Wessels (AUS/SA)",1983-1994,109,105,7,3367,107,34.35,6088,55.3,1,26,0
"Babar Azam (PAK)",2015-2019,74,72,10,3359,125*,54.17,3857,87.08,11,15,2
"AC Parore (NZ)",1992-2002,179,161,32,3314,108,25.68,4867,68.09,1,14,19
"Moin Khan (PAK)",1990-2004,219,183,41,3266,72*,23,4017,81.3,0,12,17
"Kamran Akmal (PAK)",2002-2017,157,138,14,3236,124,26.09,3855,83.94,5,10,10
"AN Cook (ENG)",2006-2014,92,92,4,3204,137,36.4,4154,77.13,5,19,7
"HDRL Thirimanne (SL)",2010-2019,127,106,14,3194,139*,34.71,4419,72.27,4,21,7
"Umar Akmal (PAK)",2009-2019,121,110,17,3194,102*,34.34,3712,86.04,2,20,8
"DI Gower (ENG)",1978-1991,114,111,8,3170,158,30.77,4218,75.15,7,12,6
"KR Rutherford (NZ)",1985-1995,121,115,9,3143,108,29.65,4888,64.3,2,18,6
"BJ Haddin (AUS)",2001-2015,126,115,16,3122,110,31.53,3706,84.24,2,16,2
"RJ Shastri (INDIA)",1981-1992,150,128,21,3108,109,29.04,5089,61.07,4,18,5
"SM Gavaskar (INDIA)",1974-1987,108,102,14,3092,103*,35.13,4966,62.26,1,27,8
"DS Lehmann (AUS)",1996-2005,117,101,22,3078,119,38.96,3784,81.34,4,17,4
"DA Miller (SA)",2010-2019,126,110,31,3058,139,38.7,3054,100.13,5,12,8
"GJ Bailey (AUS)",2012-2016,90,85,10,3044,156,40.58,3645,83.51,3,22,3
"SD Hope (WI)",2016-2019,72,67,10,3007,170,52.75,4046,74.32,8,15,4
"V Sibanda (Afr/ZIM)",2003-2016,127,126,4,2994,116,24.54,4716,63.48,2,21,14
"DJ Bravo (WI)",2004-2014,164,141,24,2968,112*,25.36,3606,82.3,2,10,11
"AM Rahane (INDIA)",2011-2018,90,87,3,2962,111,35.26,3767,78.63,3,24,6
"HH Streak (Afr/ZIM)",1993-2005,189,159,55,2943,79*,28.29,4008,73.42,0,13,6
"WW Hinds (WI)",1999-2010,119,111,10,2880,127*,28.51,4393,65.55,5,14,8
"GJ Maxwell (AUS)",2012-2019,110,100,11,2877,102,32.32,2332,123.37,1,19,9
"JM Bairstow (ENG)",2011-2019,74,68,8,2861,141*,47.68,2749,104.07,9,11,5
"DM Bravo (WI)",2009-2019,110,105,13,2839,124,30.85,4045,70.18,3,18,8
"IJL Trott (ENG)",2009-2013,68,65,10,2819,137,51.25,3658,77.06,4,22,5
"AL Logie (WI)",1981-1993,158,133,36,2809,109*,28.95,3801,73.9,1,14,13
"AH Jones (NZ)",1987-1995,87,87,9,2784,93,35.69,4811,57.86,0,25,4
"Mohammad Nabi (AFG)",2009-2019,124,112,12,2782,116,27.82,3252,85.54,1,15,6
"SE Marsh (AUS)",2008-2019,73,72,4,2773,151,40.77,3406,81.41,7,15,3
"M Kaif (INDIA)",2002-2006,125,110,24,2753,111*,32.01,3822,72.03,2,17,8
"SV Carlisle (ZIM)",1995-2005,111,107,8,2740,121*,27.67,4325,63.35,3,9,11
"MDKJ Perera (SL)",2013-2019,98,93,5,2739,135,31.12,2945,93,5,14,8
"Mohammad Shahzad (AFG)",2009-2019,84,84,3,2727,131*,33.66,3082,88.48,6,14,4
"Salman Butt (PAK)",2004-2010,78,78,4,2725,136,36.82,3572,76.28,8,14,15
"RG Twose (NZ)",1995-2001,87,81,11,2717,103,38.81,3603,75.4,1,20,5
"GJ Whittall (ZIM)",1993-2003,147,142,22,2705,83,22.54,4011,67.43,0,11,12
"RS Bopara (ENG)",2007-2015,120,109,21,2695,101*,30.62,3462,77.84,1,14,4
"BA Stokes (ENG)",2011-2019,95,81,15,2682,102*,40.63,2855,93.94,3,20,5
"Sikandar Raza (ZIM)",2013-2019,97,93,15,2656,141,34.05,3249,81.74,3,14,1
"Mudassar Nazar (PAK)",1977-1989,122,115,10,2653,95,25.26,5130,51.71,0,16,6
"EC Joyce (ENG/IRE)",2006-2018,78,77,8,2622,160*,38,3630,72.23,6,15,5
"Ahmed Shehzad (PAK)",2009-2017,81,81,1,2605,124,32.56,3614,72.08,6,14,7
"NJ O'Brien (IRE)",2006-2018,103,101,9,2581,109,28.05,3638,70.94,1,18,3
"Zaheer Abbas (PAK)",1974-1985,62,60,6,2572,123,47.62,3033,84.8,7,13,2
"CR Ervine (ZIM)",2010-2019,93,90,11,2571,130*,32.54,3406,75.48,3,15,7
"AC Hudson (SA)",1991-1997,89,88,1,2559,161,29.41,3960,64.62,2,18,6
"TWM Latham (NZ)",2012-2019,95,88,9,2550,137,32.27,3096,82.36,4,15,7
"VG Kambli (INDIA)",1991-2000,104,97,21,2477,106,32.59,3443,71.94,2,14,4
"Imrul Kayes (BDESH)",2008-2018,78,78,2,2434,144,32.02,3423,71.1,4,16,2
"JDP Oram (NZ)",2001-2012,160,116,15,2434,101*,24.09,2810,86.61,1,13,8
"TM Odoyo (Afr/KENYA)",1996-2014,136,119,16,2420,111*,23.49,3438,70.38,1,8,13
"AD Hales (ENG)",2014-2019,70,67,3,2419,171,37.79,2527,95.72,6,14,5
"RA Smith (ENG)",1988-1996,71,70,8,2419,167*,39.01,3473,69.65,4,15,4
"L Vincent (NZ)",2001-2007,102,99,10,2413,172,27.11,3453,69.88,3,11,8
"KJ Coetzer (SCOT)",2008-2019,59,57,2,2409,156,43.8,2795,86.18,4,17,5
"KA Pollard (WI)",2007-2019,107,99,7,2398,119,26.06,2547,94.14,3,10,13
"CJ Chibhabha (ZIM)",2005-2018,103,103,2,2389,99,23.65,3784,63.13,0,16,7
"GP Thorpe (ENG)",1993-2002,82,77,13,2380,89,37.18,3344,71.17,0,21,3
"Rahmat Shah (AFG)",2013-2019,73,69,2,2359,114,35.2,3366,70.08,4,16,3
"Asghar Afghan (AFG)",2009-2019,111,105,9,2356,101,24.54,3531,66.72,1,12,7
"VVS Laxman (INDIA)",1998-2006,86,83,7,2338,131,30.76,3282,71.23,6,10,3
"RR Singh (INDIA)",1989-2001,136,113,23,2336,100,25.95,3144,74.3,1,9,5
"N Hussain (ENG)",1989-2003,88,87,10,2332,115,30.28,3481,66.99,1,16,6
"GS Chappell (AUS)",1971-1983,74,72,14,2331,138*,40.18,3079,75.7,3,14,7
"Sarfaraz Ahmed (PAK)",2007-2019,116,90,22,2302,105,33.85,2622,87.79,2,11,1
"SL Campbell (WI)",1994-2001,90,87,0,2283,105,26.24,3853,59.25,2,14,9
"DL Vettori (ICC/NZ)",1997-2015,295,187,57,2253,83,17.33,2715,82.98,0,4,23
"S Matsikenyeri (ZIM)",2002-2015,113,110,9,2224,90,22.01,3072,72.39,0,13,8
"GM Wood (AUS)",1978-1989,83,77,11,2219,114*,33.62,3725,59.57,3,11,4
"NLTC Perera (SL)",2009-2019,161,128,16,2210,140,19.73,1979,111.67,1,10,11
"MJ Greatbatch (NZ)",1988-1996,84,83,5,2206,111,28.28,3099,71.18,2,13,7
"JC Adams (WI)",1992-2001,127,105,28,2204,82,28.62,3614,60.98,0,14,7
"Shahriar Nafees (BDESH)",2005-2011,75,75,5,2201,123*,31.44,3167,69.49,4,13,11
"D Ramdin (WI)",2005-2016,139,110,22,2200,169,25,2738,80.35,2,8,4
"RA Jadeja (INDIA)",2009-2019,159,106,36,2188,87,31.25,2543,86.04,0,11,6
"CS MacLeod (SCOT)",2008-2019,66,64,6,2175,175,37.5,2623,82.92,8,8,8
"Habibul Bashar (BDESH)",1995-2007,111,105,5,2168,78,21.68,3586,60.45,0,14,18
"IT Botham (ENG)",1976-1992,116,106,15,2113,79,23.21,2671,79.1,0,9,6
"MW Gatting (ENG)",1977-1993,92,88,17,2095,115*,29.5,2968,70.58,1,9,4
"NH Fairbrother (ENG)",1987-1999,75,71,18,2092,113,39.47,2903,72.06,1,16,2
"RL Powell (WI)",1999-2005,109,100,16,2085,124,24.82,2157,96.66,1,8,8
"CL White (AUS)",2005-2018,91,77,16,2072,105,33.96,2586,80.12,2,11,4
"GC Wilson (IRE)",2007-2019,105,99,12,2072,113,23.81,2880,71.94,1,12,6
"CO Obuya (KENYA)",2001-2014,104,89,9,2044,98*,25.55,2981,68.56,0,11,6
"Yasir Hameed (PAK)",2003-2007,56,56,1,2028,127*,36.87,3029,66.95,3,12,2
"WPUJC Vaas (Asia/SL)",1994-2008,322,220,72,2025,50*,13.68,2796,72.42,0,1,25
"KO Otieno (KENYA)",1996-2009,90,87,1,2016,144,23.44,3561,56.61,2,12,12
"SV Manjrekar (INDIA)",1988-1996,74,70,10,1994,105,33.23,3101,64.3,1,15,3
"MP Vaughan (ENG)",2001-2007,86,83,10,1982,90*,27.15,2898,68.39,0,16,9
"CH Lloyd (WI)",1973-1985,87,69,19,1977,102,39.54,2434,81.22,1,11,1
"GD Elliott (NZ)",2008-2016,83,69,11,1976,115,34.06,2416,81.78,2,11,6
"BKG Mendis (SL)",2016-2019,73,71,3,1973,102,29.01,2367,83.35,1,16,10
"KJ Hughes (AUS)",1977-1985,97,88,6,1968,98,24,2919,67.42,0,17,12
"A Bagai (CAN)",2003-2013,62,60,8,1964,137*,37.76,2995,65.57,2,16,2
"Fakhar Zaman (PAK)",2017-2019,46,46,4,1958,210*,46.61,2056,95.23,4,13,5
"LMP Simmons (WI)",2006-2015,68,65,3,1958,122,31.58,2680,73.05,2,16,9
"Aftab Ahmed (BDESH)",2004-2010,85,85,6,1954,92,24.73,2353,83.04,0,14,8
"PJL Dujon (WI)",1981-1991,169,120,36,1945,82*,23.15,2881,67.51,0,6,8
"M Amarnath (INDIA)",1975-1989,85,75,12,1924,102*,30.53,3334,57.7,2,13,2
"KLT Arthurton (WI)",1988-1999,105,93,20,1904,84,26.08,2822,67.46,0,9,12
"Imran Nazir (PAK)",1999-2009,79,79,2,1895,160,24.61,2339,81.01,2,9,10
"RD Berrington (SCOT)",2008-2019,78,73,6,1882,101*,28.08,2535,74.24,1,13,3
"Mohsin Khan (PAK)",1977-1986,75,75,5,1877,117*,26.81,3373,55.64,2,8,3
"JV Coney (NZ)",1979-1987,88,80,19,1874,66*,30.72,2885,64.95,0,8,1
"DJG Sammy (WI)",2004-2015,126,105,30,1871,89,24.94,1870,100.05,0,9,4
"RD Jacobs (WI)",1996-2004,147,112,32,1865,80*,23.31,2662,70.06,0,9,11
"M Prabhakar (INDIA)",1984-1996,130,98,21,1858,106,24.12,3083,60.26,2,11,8
"Azhar Ali (PAK)",2011-2018,53,53,3,1845,102,36.9,2478,74.45,3,12,3
"OA Shah (ENG)",2001-2009,71,66,6,1834,107*,30.56,2331,78.67,1,12,6
"MW Goodwin (ZIM)",1998-2000,71,70,3,1818,112*,27.13,2654,68.5,2,8,1
"Khaled Mashud (BDESH)",1995-2006,126,110,27,1818,71*,21.9,3315,54.84,0,7,8
"BA Edgar (NZ)",1978-1986,64,64,5,1814,102*,30.74,3685,49.22,1,10,3
"A Balbirnie (IRE)",2010-2019,64,61,4,1813,145*,31.8,2413,75.13,5,8,4
"Samiullah Shinwari (AFG)",2009-2019,84,74,12,1811,96,29.2,2765,65.49,0,11,1
"JO Holder (WI)",2013-2019,112,89,19,1798,99*,25.68,1907,94.28,0,9,9
"DJ Hussey (AUS)",2008-2013,69,61,6,1796,111,32.65,1980,90.7,1,14,4
"MA Atherton (ENG)",1990-1998,54,54,3,1791,127,35.11,3054,58.64,2,12,4
"Mashrafe Mortaza (Asia/BDESH)",2001-2019,217,156,27,1786,51*,13.84,2037,87.67,0,1,15
"MS Wade (AUS)",2012-2017,94,80,11,1777,100*,25.75,2164,82.11,1,10,5
"MM Ali (ENG)",2014-2019,101,82,13,1766,128,25.59,1697,104.06,3,5,5
"IA Healy (AUS)",1988-1997,168,120,36,1764,56,21,2104,83.84,0,4,9
"KD Karthik (INDIA)",2004-2019,94,79,21,1752,79,30.2,2392,73.24,0,9,6
"Sir RJ Hadlee (NZ)",1973-1990,115,98,17,1751,79,21.61,2319,75.5,0,4,4
"Soumya Sarkar (BDESH)",2014-2019,55,54,3,1728,127*,33.88,1753,98.57,2,11,5
"Imam-ul-Haq (PAK)",2017-2019,37,37,5,1723,151,53.84,2141,80.47,7,6,2
"Imran Farhat (PAK)",2001-2013,58,58,2,1719,107,30.69,2489,69.06,1,13,3
"CB Wishart (ZIM)",1996-2005,90,82,8,1719,172*,23.22,2436,70.56,2,5,8
"Rashid Latif (PAK)",1992-2003,166,117,29,1709,79,19.42,2237,76.39,0,3,8
"DA Gunawardene (SL)",1998-2006,61,61,1,1708,132,28.46,2389,71.49,1,12,5
"AT Rayudu (INDIA)",2013-2019,55,50,14,1694,124*,47.05,2143,79.04,3,10,3
"ND McKenzie (SA)",2000-2009,64,55,10,1688,131*,37.51,2432,69.4,2,10,2
"NC Johnson (ZIM)",1998-2000,48,48,2,1679,132*,36.5,2389,70.28,4,11,2
"BA Young (NZ)",1990-1999,74,73,5,1668,74,24.52,2733,61.03,0,9,5
"UDU Chandana (SL)",1994-2007,147,111,17,1627,89,17.3,2229,72.99,0,5,8
"CK Kapugedera (SL)",2006-2017,102,84,7,1624,95,21.09,2254,72.04,0,8,7
"Haris Sohail (PAK)",2013-2019,41,40,5,1614,130,46.11,1895,85.17,2,13,1
"GM Turner (NZ)",1973-1983,41,40,6,1598,171*,47,2348,68.05,3,9,1
"LPC Silva (SL)",1999-2011,75,62,7,1587,107*,28.85,2254,70.4,1,13,6
"Najibullah Zadran (AFG)",2012-2019,67,62,9,1586,104*,29.92,1765,89.85,1,11,3
"SC Williams (WI)",1994-1999,57,55,6,1586,105*,32.36,2402,66.02,1,12,6
"Saleem Elahi (PAK)",1995-2004,48,47,4,1579,135,36.72,2214,71.31,4,9,3
"RL Dias (SL)",1979-1987,58,55,5,1573,121,31.46,2315,67.94,2,11,3
"N Dickwella (SL)",2014-2019,52,49,1,1571,116,32.72,1679,93.56,2,9,1
"DR Smith (WI)",2004-2015,105,89,5,1560,97,18.57,1683,92.69,0,8,14
"UT Khawaja (AUS)",2013-2019,40,39,2,1554,104,42,1848,84.09,2,12,2
"IK Pathan (INDIA)",2004-2012,120,87,21,1544,83,23.39,1941,79.54,0,5,7
"RN ten Doeschate (NL)",2006-2011,33,32,9,1541,119,67,1757,87.7,5,9,1
"DL Houghton (ZIM)",1983-1997,63,60,2,1530,142,26.37,2155,70.99,1,12,5
"LRD Mendis (SL)",1975-1989,79,74,9,1527,80,23.49,2034,75.07,0,7,4
"Azhar Mahmood (PAK)",1996-2007,143,110,26,1521,67,18.1,1988,76.5,0,3,9
"RS Morton (WI)",2002-2010,56,51,6,1519,110*,33.75,2289,66.36,2,10,7
"JJ Crowe (NZ)",1983-1990,75,71,12,1518,88*,25.72,2456,61.8,0,7,6
"JM Kemp (Afr/SA)",2001-2007,85,66,18,1512,100*,31.5,1819,83.12,1,10,6
"RD Shah (KENYA)",1998-2007,56,55,1,1506,113,27.88,2298,65.53,1,12,5
"MA Ouma (KENYA)",2004-2014,80,77,5,1501,61,20.84,2525,59.44,0,7,6
"HJH Marshall (NZ)",2003-2007,66,62,9,1454,101*,27.43,1990,73.06,1,12,3
"DD Ebrahim (ZIM)",2001-2005,82,76,6,1443,121,20.61,2540,56.81,1,4,8
"MR Marsh (AUS)",2011-2018,53,49,9,1428,102*,35.7,1534,93.08,1,11,4
"Nasir Jamshed (PAK)",2008-2015,48,48,3,1418,112,31.51,1881,75.38,3,8,5
"SO Hetmyer (WI)",2017-2019,43,40,3,1416,139,38.27,1323,107.02,5,4,2
"HA Gomes (WI)",1978-1987,83,64,15,1415,101,28.87,2578,54.88,1,6,5
"N Boje (Afr/SA)",1995-2005,115,71,18,1414,129,26.67,1594,88.7,2,4,2
"MO Odumbe (KENYA)",1996-2003,61,59,5,1409,83,26.09,2014,69.96,0,11,6
"P Utseya (ZIM)",2004-2015,164,132,48,1406,68*,16.73,2410,58.34,0,4,16
"E Lewis (WI)",2016-2019,48,45,2,1402,176*,32.6,1704,82.27,2,7,2
"L Ronchi (AUS/NZ)",2008-2017,85,68,9,1397,170*,23.67,1220,114.5,1,4,7
"GP Howarth (NZ)",1975-1985,70,65,5,1384,76,23.06,2301,60.14,0,6,1
"JD Ryder (NZ)",2008-2014,48,42,1,1362,107,33.21,1429,95.31,3,6,5
"BC Broad (ENG)",1987-1988,34,34,0,1361,106,40.02,2447,55.61,1,11,2
"DO Obuya (KENYA)",2001-2012,74,73,3,1355,93,19.35,2135,63.46,0,6,10
"KM Jadhav (INDIA)",2014-2019,71,50,18,1354,120,42.31,1325,102.18,2,6,2
"Asad Shafiq (PAK)",2010-2017,60,58,4,1336,84,24.74,1979,67.5,0,9,5
"PG Fulton (NZ)",2004-2009,49,46,5,1334,112,32.53,1833,72.77,1,8,2
"Sabbir Rahman (BDESH)",2014-2019,66,59,7,1333,102,25.63,1461,91.23,1,6,5
"KMDN Kulasekara (SL)",2003-2017,184,123,37,1327,73,15.43,1629,81.46,0,4,13
"JR Hopes (AUS)",2005-2010,84,61,8,1326,63*,25.01,1415,93.71,0,3,1
"SM Katich (AUS)",2001-2006,45,42,5,1324,107*,35.78,1926,68.74,1,9,3
"Javed Omar (BDESH)",1995-2007,59,59,4,1312,85*,23.85,2528,51.89,0,10,2
"Raqibul Hasan (BDESH)",2008-2011,55,54,7,1308,89,27.82,2133,61.32,0,8,6
"AA Obanda (KENYA)",2007-2014,49,45,2,1306,96*,30.37,1764,74.03,0,9,2
"MS Sinclair (NZ)",2000-2009,54,50,4,1304,118*,28.34,2086,62.51,2,8,8
"PN Kirsten (SA)",1991-1994,40,40,6,1293,97,38.02,2308,56.02,0,9,0
"J Charles (WI)",2012-2016,48,48,0,1283,130,26.72,1531,83.8,2,4,7
"MJ Prior (ENG)",2004-2011,68,62,9,1282,87,24.18,1670,76.76,0,3,5
"Nasir Hossain (BDESH)",2011-2018,65,52,8,1281,100,29.11,1605,79.81,1,6,4
"TM Head (AUS)",2016-2018,42,39,2,1273,128,34.4,1414,90.02,1,10,1
"NR Mongia (INDIA)",1994-2000,140,96,33,1272,69,20.19,1846,68.9,0,2,4
"C Munro (NZ)",2013-2019,57,53,2,1271,87,24.92,1214,104.69,0,8,7
"JEC Franklin (NZ)",2001-2013,110,80,27,1270,98*,23.96,1651,76.92,0,4,5
"AB Agarkar (INDIA)",1998-2007,191,113,26,1269,95,14.58,1574,80.62,0,3,10
"Shoaib Mohammad (PAK)",1984-1993,63,58,6,1269,126*,24.4,2492,50.92,1,8,8
"Basit Ali (PAK)",1993-1996,50,43,6,1265,127*,34.18,1669,75.79,1,9,3
"MN Waller (ZIM)",2009-2018,79,72,6,1259,99*,19.07,1639,76.81,0,5,10
"MD Gunathilaka (SL)",2015-2019,38,37,1,1249,133,34.69,1454,85.9,2,8,1
"JDS Neesham (NZ)",2013-2019,59,50,10,1247,97*,31.17,1260,98.96,0,6,2
"SP O'Donnell (AUS)",1985-1991,87,64,15,1242,74*,25.34,1534,80.96,0,9,5
"RR Rossouw (SA)",2014-2016,36,35,3,1239,132,38.71,1313,94.36,3,7,5
"Harbhajan Singh (Asia/INDIA)",1998-2015,236,128,35,1237,49,13.3,1526,81.06,0,0,17
"SG Law (AUS)",1994-1999,54,51,5,1237,110,26.89,1643,75.28,1,7,3
"Alok Kapali (BDESH)",2002-2011,69,66,3,1235,115,19.6,1817,67.96,1,5,5
"GM Hamilton (SCOT)",1999-2010,38,38,3,1231,119,35.17,1847,66.64,2,7,1
"D Mongia (INDIA)",2001-2007,57,51,7,1230,159*,27.95,1721,71.47,1,4,4
"RW Marsh (AUS)",1971-1984,92,76,15,1225,66,20.08,1489,82.26,0,4,7
"HDPK Dharmasena (SL)",1994-2004,141,87,33,1222,69*,22.62,1879,65.03,0,4,2
"Shaiman Anwar (UAE)",2014-2019,40,40,1,1219,106,31.25,1477,82.53,1,11,2
"Noor Ali Zadran (AFG)",2009-2019,51,50,1,1216,114,24.81,1923,63.23,1,7,4
"TM Moody (AUS)",1987-1999,76,64,12,1211,89,23.28,1747,69.31,0,10,6
"Junaid Siddique (BDESH)",2007-2011,54,53,1,1196,100,23,1753,68.22,1,6,6
"Mohammad Rafique (Asia/BDESH)",1995-2007,125,106,17,1191,77,13.38,1663,71.61,0,2,15
"CR Woakes (ENG)",2011-2019,99,68,20,1186,95*,24.7,1316,90.12,0,4,6
"B Lee (AUS)",2000-2012,221,110,44,1176,59,17.81,1407,83.58,0,3,16
"JA Rudolph (Afr/SA)",2003-2006,45,39,6,1174,81,35.57,1725,68.05,0,7,0
"Nawroz Mangal (AFG)",2009-2016,49,48,6,1139,129,27.11,1512,75.33,2,4,4
"MH Cross (SCOT)",2014-2019,52,48,1,1136,114,24.17,1536,73.95,2,5,0
"T Mishra (KENYA)",2006-2013,42,40,7,1128,72,34.18,1534,73.53,0,8,4
"HM Nicholls (NZ)",2015-2019,45,43,10,1120,124*,33.93,1359,82.41,1,9,5
"PL Mommsen (SCOT)",2010-2017,44,42,6,1115,139*,30.97,1615,69.04,2,6,2
"MF Maharoof (SL)",2004-2016,109,75,18,1113,69*,19.52,1294,86.01,0,2,3
"CJ Anderson (NZ)",2013-2017,49,45,5,1109,131*,27.72,1020,108.72,1,4,4
"HS Modi (KENYA)",1996-2006,63,56,9,1109,78*,23.59,1906,58.18,0,5,5
"ES Szwarczynski (NL)",2006-2014,41,40,3,1102,98,29.78,1615,68.23,0,10,2
"VS Solanki (ENG)",2000-2006,51,46,5,1097,106,26.75,1504,72.93,2,5,2
"B Zuiderent (NL)",1996-2011,57,56,10,1097,77*,23.84,1873,58.56,0,8,7
"PA Strang (ZIM)",1994-2001,95,73,24,1090,47,22.24,1651,66.02,0,0,5
"G Boycott (ENG)",1971-1981,36,34,4,1082,105,36.06,2020,53.56,1,9,1
"F Behardien (SA)",2013-2018,59,49,14,1074,70,30.68,1097,97.9,0,6,4
"NL McCullum (NZ)",2009-2015,84,62,11,1070,65,20.98,1220,87.7,0,4,3
"Asif Mujtaba (PAK)",1986-1996,66,55,14,1068,113*,26.04,1671,63.91,1,6,8
"DW Randall (ENG)",1976-1985,49,45,5,1067,88,26.67,1702,62.69,0,5,4
"Hashmatullah Shahidi (AFG)",2013-2019,39,39,6,1062,97*,32.18,1667,63.7,0,9,4
"DS Smith (WI)",2003-2013,47,45,2,1059,107,24.62,1506,70.31,1,5,4
"JK Kamande (KENYA)",1999-2011,86,72,11,1055,74,17.29,1685,62.61,0,3,8
"IDS Smith (NZ)",1980-1992,98,77,16,1055,62*,17.29,1061,99.43,0,3,7
"C Kieswetter (ENG)",2010-2013,46,40,5,1054,107,30.11,1172,89.93,1,5,4
"Anamul Haque (BDESH)",2012-2019,38,35,0,1052,120,30.05,1488,70.69,3,3,6
"MP Stoinis (AUS)",2015-2019,41,38,7,1050,146*,33.87,1143,91.86,1,6,3
"KD Mills (NZ)",2001-2015,170,101,34,1047,54,15.62,1282,81.66,0,2,8
"JM How (NZ)",2005-2011,41,37,1,1046,139,29.05,1572,66.53,1,7,3
"Gulbadin Naib (AFG)",2011-2019,65,56,8,1041,82*,21.68,1424,73.1,0,5,5
"AD Russell (WI)",2011-2019,56,47,9,1034,92*,27.21,794,130.22,0,4,6
"JP Faulkner (AUS)",2013-2017,69,52,22,1032,116,34.4,990,104.24,1,4,4
"DSBP Kuruppu (SL)",1983-1990,54,52,1,1022,72,20.03,1978,51.66,0,4,3
"AG Prince (Afr/SA)",2002-2007,52,41,12,1018,89*,35.1,1502,67.77,0,3,4
"SK Warne (AUS/ICC)",1993-2005,194,107,29,1018,55,13.05,1413,72.04,0,1,10
"SM Patil (INDIA)",1980-1986,45,42,1,1005,84,24.51,1223,82.17,0,9,4
"KOA Powell (WI)",2009-2018,46,44,0,1005,83,22.84,1278,78.63,0,9,4
"Rajin Saleh (BDESH)",2003-2006,43,43,1,1005,108*,23.92,1833,54.82,1,6,5
"PW Borren (NL)",2006-2014,58,50,5,1004,96,22.31,1176,85.37,0,5,5
"NFI McCallum (SCOT)",2006-2011,43,42,6,1002,121*,27.83,1451,69.05,2,4,3
"Khaled Mahmud (BDESH)",1998-2006,77,72,3,991,50,14.36,1461,67.83,0,1,9
"BL Cairns (NZ)",1974-1985,78,65,6,987,60,16.72,941,104.88,0,2,6
"MJ Slater (AUS)",1993-1997,42,42,1,987,73,24.07,1634,60.4,0,9,3
"MJ Horne (NZ)",1997-2002,50,48,0,980,74,20.41,1515,64.68,0,5,3
"Akram Khan (BDESH)",1988-2003,44,44,2,976,65,23.23,1721,56.71,0,5,3
"TLW Cooper (NL)",2010-2013,23,22,2,976,101,48.8,1391,70.16,1,8,0
"Javed Ahmadi (AFG)",2010-2019,44,41,0,976,81,23.8,1291,75.6,0,7,2
"Naeem Islam (BDESH)",2008-2014,59,51,15,975,84,27.08,1473,66.19,0,5,5
"DF Watts (SCOT)",2006-2011,36,35,1,974,101,28.64,1559,62.47,1,9,4
"Waqar Younis (PAK)",1989-2003,262,139,45,969,37,10.3,1445,67.05,0,0,15
"Fawad Alam (PAK)",2007-2015,38,36,12,966,114*,40.25,1297,74.47,1,6,3
"SA Thomson (NZ)",1990-1996,56,52,10,964,83,22.95,1427,67.55,0,5,2
"JF Mooney (IRE)",2006-2015,64,55,14,963,96,23.48,1215,79.25,0,3,6
"GM Ritchie (AUS)",1982-1987,44,42,7,959,84,27.4,1479,64.84,0,6,2
"HH Pandya (INDIA)",2016-2019,54,38,6,957,83,29.9,828,115.57,0,4,3
"RR Watson (SCOT)",2006-2010,35,35,4,956,123*,30.83,1286,74.33,1,6,4
"MD Marshall (WI)",1980-1992,136,83,19,955,66,14.92,1246,76.64,0,2,5
"SF Mire (ZIM)",2014-2019,47,47,0,955,112,20.31,1190,80.25,1,3,4
"Imad Wasim (PAK)",2015-2019,53,39,16,952,63*,41.39,868,109.67,0,5,1
"MG Johnson (AUS)",2005-2015,153,91,32,951,73*,16.11,987,96.35,0,2,6
"RS Madugalle (SL)",1979-1988,63,56,5,950,73,18.62,1574,60.35,0,3,4
"NT Broom (NZ)",2009-2017,39,39,4,943,109*,26.94,1161,81.22,1,5,7
"A Kumble (Asia/INDIA)",1990-2007,271,136,47,938,26,10.53,1536,61.06,0,0,18
"CM Spearman (NZ)",1995-2001,51,50,0,936,86,18.72,1202,77.87,0,5,6
"RV Uthappa (INDIA)",2006-2015,46,42,6,934,86,25.94,1031,90.59,0,6,4
"W Barresi (NL)",2010-2019,32,31,5,927,137*,35.65,1225,75.67,1,6,4
"AN Kervezee (NL)",2006-2012,39,36,3,924,92,28,1263,73.15,0,4,2
"S Dhaniram (CAN)",2006-2010,44,41,4,915,92,24.72,1126,81.26,0,6,2
"AJ Hall (SA)",1999-2007,88,56,13,905,81,21.04,1206,75.04,0,3,5
"Rashid Khan (AFG)",2015-2019,71,56,9,905,60*,19.25,906,99.88,0,4,6
"MJ Santner (NZ)",2015-2019,69,54,21,898,67,27.21,1021,87.95,0,2,3
"TD Paine (AUS)",2009-2018,35,35,3,890,111,27.81,1257,70.8,1,5,1
"KL Rahul (INDIA)",2016-2019,26,25,4,889,111,42.33,1098,80.96,3,5,2
"JWA Taylor (ENG)",2011-2015,27,26,5,887,101,42.23,1107,80.12,1,7,2
"J Srinath (INDIA)",1991-2003,229,121,38,883,53,10.63,1109,79.62,0,1,19
"Yashpal Sharma (INDIA)",1978-1985,42,40,9,883,89,28.48,1401,63.02,0,4,0
"TT Bresnan (ENG)",2006-2015,85,64,20,871,80,19.79,965,90.25,0,1,6
"SHT Kandamby (SL)",2004-2014,39,36,6,870,93*,29,1250,69.6,0,5,2
"AC Voges (AUS)",2007-2013,31,28,9,870,112*,45.78,998,87.17,1,4,0
"DJ Richardson (SA)",1991-1998,122,77,33,868,53,19.72,1298,66.87,0,1,6
"MA Vermeulen (ZIM)",2000-2009,43,43,4,868,92,22.25,1227,70.74,0,6,4
"HK Badani (INDIA)",2000-2004,40,36,10,867,100,33.34,1180,73.47,1,4,1
"GO Jones (ENG/PNG)",2004-2014,51,43,8,862,80,24.62,1117,77.17,0,4,1
"TT Samaraweera (SL)",1998-2011,53,42,11,862,105*,27.8,1244,69.29,2,0,4
"SB Smith (AUS)",1983-1985,28,24,2,861,117,39.13,1319,65.27,2,8,1
"DL Amiss (ENG)",1972-1977,18,18,0,859,137,47.72,1185,72.48,4,1,0
"RA Harper (WI)",1983-1996,105,73,20,855,45*,16.13,1162,73.58,0,0,5
"WB Phillips (AUS)",1982-1986,48,41,6,852,75*,24.34,994,85.71,0,6,1
"CWJ Athey (ENG)",1980-1988,31,30,3,848,142*,31.4,1495,56.72,2,4,1
"RS Kalpage (SL)",1992-1999,86,69,28,844,51,20.58,1320,63.93,0,1,2
"MAR Samarasekera (SL)",1983-1994,39,39,2,844,76,22.81,1207,69.92,0,4,2
"D Ganga (WI)",1999-2006,35,34,1,843,71,25.54,1414,59.61,0,9,5
"CA Ingram (SA)",2010-2013,31,29,3,843,124,32.42,1024,82.32,3,3,5
"BM McMillan (SA)",1991-1998,78,52,16,841,127,23.36,1147,73.32,1,0,3
"CK Coventry (ZIM)",2003-2015,39,35,1,831,194*,24.44,937,88.68,1,3,5
"Anshuman Rath (HKG)",2014-2018,18,18,2,828,143*,51.75,1080,76.66,1,7,1
"PJ Moor (ZIM)",2014-2019,49,45,5,827,58*,20.67,1225,67.51,0,4,3
"DW Hookes (AUS)",1977-1986,39,36,2,826,76,24.29,1146,72.07,0,5,3
"PJ Hughes (AUS)",2013-2014,25,24,1,826,138*,35.91,1100,75.09,2,4,1
"AI Kallicharran (WI)",1973-1981,31,28,4,826,78,34.41,1329,62.15,0,6,0
"JR Ratnayeke (SL)",1982-1990,78,69,14,824,50,14.98,1571,52.45,0,1,4
"GN Yallop (AUS)",1978-1984,30,27,6,823,66*,39.19,1288,63.89,0,7,1
"AC Waller (ZIM)",1987-1997,39,38,3,818,83*,23.37,1172,69.79,0,4,4
"DM de Silva (SL)",2016-2019,42,39,7,814,84,25.43,1073,75.86,0,4,3
"Sharjeel Khan (PAK)",2013-2017,25,25,0,812,152,32.48,716,113.4,1,6,2
"YK Pathan (INDIA)",2008-2012,57,41,11,810,123*,27,713,113.6,2,3,7
"AT Carey (AUS)",2018-2019,29,26,6,804,85,40.2,874,91.99,0,4,1
"JM Davison (CAN)",2003-2011,32,32,2,799,111,26.63,767,104.17,1,5,5
"Aminul Islam (BDESH)",1988-2002,39,39,5,794,70,23.35,1403,56.59,0,3,5
"Z Khan (Asia/INDIA)",2000-2012,200,101,35,792,34*,12,1078,73.46,0,0,15
"GB Hogg (AUS)",1996-2008,123,65,26,790,71*,20.25,1004,78.68,0,2,9
"Majid Khan (PAK)",1973-1982,23,22,1,786,109,37.42,1052,74.71,1,7,1
"S Wettimuny (SL)",1982-1987,35,33,1,786,86*,24.56,1636,48.04,0,4,1
"Babar Hayat (HKG)",2014-2018,22,22,2,784,89,39.2,999,78.47,0,8,3
"R Lamba (INDIA)",1986-1989,32,31,2,783,102,27,1166,67.15,1,6,2
"IH Romaine (BMUDA)",2006-2009,35,34,3,783,101,25.25,1222,64.07,1,4,5
"JA Morkel (Afr/SA)",2004-2012,58,43,10,782,97,23.69,780,100.25,0,2,1
"Wasim Raja (PAK)",1973-1985,54,45,10,782,60,22.34,1168,66.95,0,2,6
"Abdur Razzak (BDESH)",2004-2014,153,97,39,779,53*,13.43,1020,76.37,0,1,12
"AR White (IRE)",2006-2014,61,46,3,776,79,18.04,1235,62.83,0,1,4
"Liton Das (BDESH)",2015-2019,33,33,2,768,121,24.77,871,88.17,1,3,4
"Saleem Yousuf (PAK)",1982-1990,86,62,19,768,62,17.86,1024,75,0,4,5
"CN Evans (ZIM)",1992-2002,53,47,5,764,96*,18.19,1006,75.94,0,2,3
"Rizwan Cheema (CAN)",2008-2013,33,32,1,764,94,24.64,685,111.53,0,6,3
"KWR Fletcher (ENG)",1971-1982,24,22,3,757,131,39.84,1134,66.75,1,5,0
"J Dyson (AUS)",1980-1983,29,27,4,755,79,32.82,1553,48.61,0,4,1
"AR Cusack (IRE)",2007-2015,59,47,14,745,71,22.57,1159,64.27,0,2,8
"AG Cremer (ZIM)",2009-2018,96,71,20,744,58,14.58,1196,62.2,0,1,7
"G Fowler (ENG)",1983-1986,26,26,2,744,81*,31,1321,56.32,0,4,2
"DT Johnston (IRE)",2006-2013,67,53,15,743,45*,19.55,785,94.64,0,0,3
"Manzoor Elahi (PAK)",1984-1995,54,46,13,741,50*,22.45,827,89.6,0,1,1
"AM Samad (CAN)",2003-2009,27,27,2,740,130,29.6,1045,70.81,1,2,2
"A Vala (PNG)",2014-2019,27,27,0,739,104,27.37,1082,68.29,1,2,1
"PA Patel (INDIA)",2003-2012,38,34,3,736,95,23.74,962,76.5,0,4,2
"Sohaib Maqsood (PAK)",2013-2016,26,25,2,735,89*,31.95,881,83.42,0,5,1
"MW Machan (SCOT)",2013-2016,23,22,0,734,114,33.36,952,77.1,1,3,1
"CJ Nevin (NZ)",2000-2003,37,36,0,732,74,20.33,1000,73.2,0,4,4
"N Pooran (WI)",2019-2019,19,17,3,728,118,52,661,110.13,1,5,1
"CJ Tavare (ENG)",1980-1984,29,28,2,720,83*,27.69,1471,48.94,0,4,1
"TP Ura (PNG)",2014-2019,26,26,0,718,151,27.61,892,80.49,1,2,2
"MA Ealham (ENG)",1996-2001,64,45,4,716,45,17.46,1092,65.56,0,0,4
"IJ Harvey (AUS)",1997-2004,73,51,11,715,48*,17.87,811,88.16,0,0,2
"Muhammad Usman (UAE)",2016-2019,30,30,4,713,80,27.42,928,76.83,0,3,2
"Saqlain Mushtaq (PAK)",1995-2003,169,98,38,711,37*,11.85,1434,49.58,0,0,13
"LJ Wright (ENG)",2007-2014,50,39,4,707,52,20.2,820,86.21,0,2,5
"Mohammad Rizwan (PAK)",2015-2019,32,28,7,705,115,33.57,787,89.58,2,3,1
"J Mubarak (SL)",2002-2013,40,37,6,704,72,22.7,1115,63.13,0,4,1
"PA Wallace (WI)",1991-2000,33,33,0,701,103,21.24,1151,60.9,1,2,4
"SM Ervine (ZIM)",2001-2004,42,34,7,698,100,25.85,816,85.53,1,2,5
"PL Symcox (SA)",1993-1999,80,54,13,694,61,16.92,830,83.61,0,3,6
"Rameez Shahzad (UAE)",2016-2018,15,15,2,691,121*,53.15,817,84.57,2,4,1
"PAJ DeFreitas (ENG)",1987-1997,103,66,23,690,67,16.04,823,83.83,0,1,4
"N Deonarine (WI)",2005-2015,31,29,3,682,65*,26.23,989,68.95,0,4,0
"Wahab Riaz (PAK)",2008-2019,89,64,15,680,54*,13.87,787,86.4,0,2,12
"JR Murray (WI)",1992-1999,55,36,6,678,86,22.6,929,72.98,0,5,4
"TG Southee (NZ)",2008-2019,140,85,32,676,55,12.75,686,98.54,0,1,12
"R Ashwin (INDIA)",2010-2017,111,61,19,675,65,16.07,776,86.98,0,1,6
"Nizakat Khan (HKG)",2014-2018,20,20,0,675,94,33.75,814,82.92,0,3,0
"M Muralitharan (Asia/ICC/SL)",1993-2011,350,162,63,674,33*,6.8,869,77.56,0,0,25
"IM Chappell (AUS)",1971-1980,16,16,2,673,86,48.07,874,77,0,8,0
"DA Marillier (ZIM)",2000-2003,48,41,4,672,100,18.16,949,70.81,1,3,4
"Rohan Mustafa (UAE)",2014-2019,34,33,0,671,109,20.33,985,68.12,1,1,3
"R Powell (WI)",2016-2018,34,31,3,670,101,23.92,806,83.12,1,2,2
"UC Hathurusingha (SL)",1992-1999,35,33,1,669,66,20.9,1318,50.75,0,4,3
"AC Botha (IRE)",2006-2011,42,38,4,666,56,19.58,970,68.65,0,2,5
"HE van der Dussen (SA)",2019-2019,18,14,5,664,95,73.77,811,81.87,0,7,0
"CJ Ferguson (AUS)",2009-2011,30,25,9,663,71*,41.43,777,85.32,0,5,0
"LE Plunkett (ENG)",2005-2019,89,50,19,646,56,20.83,629,102.7,0,1,3
"S Ramesh (INDIA)",1999-1999,24,24,1,646,82,28.08,1092,59.15,0,6,3
"AK Markram (SA)",2017-2019,26,24,1,643,67*,27.95,755,85.16,0,2,1
"Qasim Umar (PAK)",1983-1987,31,31,3,642,69,22.92,1125,57.06,0,4,3
"Abdul Qadir (PAK)",1983-1993,104,68,26,641,41*,15.26,849,75.5,0,0,6
"DL Hemp (BMUDA)",2006-2009,22,22,3,641,102*,33.73,912,70.28,1,4,4
"CEL Ambrose (WI)",1988-2000,176,96,36,639,31*,10.65,985,64.87,0,0,13
"BMAJ Mendis (SL)",2010-2019,58,44,10,636,72,18.7,769,82.7,0,1,2
"C de Grandhomme (NZ)",2012-2019,38,29,6,633,74*,27.52,590,107.28,0,3,2
"JF Reid (NZ)",1980-1986,25,24,1,633,88,27.52,1084,58.39,0,4,0
"DLS van Bunge (NL)",2002-2013,37,31,1,633,80,21.1,953,66.42,0,3,2
"PSP Handscomb (AUS)",2017-2019,22,20,1,632,117,33.26,649,97.38,1,4,2
"RMH Binny (INDIA)",1980-1987,72,49,10,629,57,16.12,1046,60.13,0,1,4
"GR Larsen (NZ)",1990-1999,121,70,27,629,37,14.62,970,64.84,0,0,6
"AM Blignaut (ZIM)",1999-2010,54,41,8,626,63*,18.96,589,106.28,0,5,3
"DJ Nash (NZ)",1992-2002,81,53,13,624,42,15.6,940,66.38,0,0,3
"DN Patel (NZ)",1987-1997,75,63,10,623,71,11.75,868,71.77,0,1,6
"RR Patel (KENYA)",2008-2014,39,35,4,621,92,20.03,978,63.49,0,2,3
"GRJ Matthews (AUS)",1984-1993,59,50,13,619,54,16.72,911,67.94,0,1,5
"WV Raman (INDIA)",1988-1996,27,27,1,617,114,23.73,1109,55.63,1,3,6
"GJ Rennie (ZIM)",1996-2003,40,37,6,617,76,19.9,928,66.48,0,2,5
"SFAF Bacchus (WI)",1978-1983,29,26,3,612,80*,26.6,928,65.94,0,3,2
"RJ Ratnayake (SL)",1982-1993,70,55,18,612,33*,16.54,705,86.8,0,0,4
"J Botha (Afr/SA)",2005-2012,78,50,18,609,46,19.03,710,85.77,0,0,2
"D Gough (ENG/ICC)",1994-2006,159,87,38,609,46*,12.42,947,64.3,0,0,10
"AJ Hollioake (ENG)",1996-1999,35,30,6,606,83*,25.25,807,75.09,0,3,1
"RW Chakabva (ZIM)",2008-2019,38,35,2,599,78*,18.15,1017,58.89,0,1,2
"RIC Holder (WI)",1993-1997,37,31,6,599,65,23.96,876,68.37,0,2,4
"RT Robinson (ENG)",1984-1988,26,26,0,597,83,22.96,1026,58.18,0,3,2
"BM Laird (AUS)",1979-1982,23,23,3,594,117*,29.7,1105,53.75,1,2,0
"Mansoor Akhtar (PAK)",1980-1990,41,35,1,593,47,17.44,1148,51.65,0,0,1
"W Larkins (ENG)",1979-1991,25,24,0,591,124,24.62,1047,56.44,1,0,3
"LOB Cann (BMUDA)",2006-2009,26,25,3,590,52,26.81,504,117.06,0,1,3
"AU Rashid (ENG)",2009-2019,99,43,12,588,69,18.96,574,102.43,0,1,4
"FDM Karunaratne (SL)",2011-2019,28,24,2,586,97,26.63,801,73.15,0,4,3
"RJ Nicol (NZ)",2011-2013,22,21,2,586,146,30.84,776,75.51,2,2,2
"SB Joshi (INDIA)",1996-2001,69,45,11,584,61*,17.17,653,89.43,0,1,4
"RT Latham (NZ)",1990-1994,33,33,4,583,60,20.1,1008,57.83,0,1,3
"Khurram Khan (UAE)",2004-2015,16,16,2,582,132*,41.57,725,80.27,1,3,0
"R Mutumbami (ZIM)",2014-2019,33,31,2,582,74,20.06,814,71.49,0,3,3
"JL Carter (WI)",2015-2019,33,28,3,581,54,23.24,822,70.68,0,3,1
"GH Dockrell (IRE)",2010-2019,87,57,22,579,62*,16.54,835,69.34,0,2,5
"DAS Gunaratne (SL)",2016-2019,31,25,4,575,114*,27.38,724,79.41,1,1,0
"BJ Hodge (AUS)",2005-2007,25,21,2,575,123,30.26,657,87.51,1,3,3
"MJR Rindel (SA)",1994-1999,22,22,1,575,106,27.38,860,66.86,1,2,1
"Tushar Imran (BDESH)",2001-2007,41,40,0,574,65,14.35,970,59.17,0,2,8
"BJ Watling (NZ)",2010-2018,28,25,2,573,96*,24.91,838,68.37,0,5,3
"C White (ENG)",1994-2003,51,41,5,568,57*,15.77,928,61.2,0,1,9
"SL Malinga (SL)",2004-2019,226,119,36,567,56,6.83,761,74.5,0,1,26
"RM Haq (SCOT)",2006-2015,54,40,6,566,71,16.64,931,60.79,0,3,6
"KS More (INDIA)",1984-1993,94,65,22,563,42*,13.09,808,69.67,0,0,5
"HG Munsey (SCOT)",2017-2019,25,25,3,562,61,25.54,732,76.77,0,2,3
"CR Brathwaite (WI)",2011-2019,44,37,3,559,101,16.44,614,91.04,1,1,2
"Mominul Haque (BDESH)",2012-2018,28,26,1,557,60,22.28,749,74.36,0,3,1
"Aamer Malik (PAK)",1988-1994,24,23,1,556,90,25.27,989,56.21,0,5,1
"RJ Peterson (SA)",2002-2014,79,41,14,556,68,20.59,688,80.81,0,1,4
"GS Blewett (AUS)",1995-1999,32,30,3,551,57*,20.4,889,61.97,0,2,3
"JN Mohammed (WI)",2011-2018,28,24,1,551,91*,23.95,795,69.3,0,4,2
"Mosaddek Hossain (BDESH)",2016-2019,35,30,10,549,52*,27.45,633,86.72,0,2,1
"AL Phehlukwayo (SA)",2016-2019,52,32,15,549,69*,32.29,610,90,0,1,3
"TJ Friend (ZIM)",2000-2004,51,39,5,548,91,16.11,724,75.69,0,3,5
"T Duffin (ZIM)",2006-2007,23,23,0,546,88,23.73,993,54.98,0,3,1
"Mohammad Wasim (PAK)",1996-2000,25,25,2,543,76,23.6,1043,52.06,0,3,4
"XM Marshall (USA/WI)",2005-2019,33,33,3,542,157*,18.06,810,66.91,1,1,6
"AP Kuiper (SA)",1991-1996,25,23,7,539,63*,33.68,662,81.41,0,3,0
"P Willey (ENG)",1977-1986,26,24,1,538,64,23.39,855,62.92,0,5,3
"MC Snedden (NZ)",1980-1990,93,54,19,535,64,15.28,843,63.46,0,1,4
"Athar Ali Khan (BDESH)",1988-1998,19,19,1,532,82,29.55,945,56.29,0,3,3
"IS Billcliff (CAN)",2003-2009,19,19,0,529,93,27.84,793,66.7,0,4,0
"SCJ Broad (ENG)",2006-2016,121,68,25,529,45*,12.3,709,74.61,0,0,8
"NN Odhiambo (KENYA)",2006-2014,69,53,9,528,66,12,737,71.64,0,1,9
"B Kumar (INDIA)",2012-2019,114,52,15,526,53*,14.21,703,74.82,0,1,8
"Naved-ul-Hasan (PAK)",2003-2010,74,51,18,524,33,15.87,620,84.51,0,0,4
"Amjad Ali (UAE)",2008-2015,17,17,0,520,98,30.58,680,76.47,0,3,0
"LK Germon (NZ)",1994-1997,37,31,5,519,89,19.96,787,65.94,0,3,2
"Mudassar Bukhari (NL)",2007-2014,46,34,4,516,71,17.2,671,76.9,0,2,4
"TAM Siriwardana (SL)",2015-2019,27,24,1,516,66,22.43,525,98.28,0,3,1
"KM Dabengwa (ZIM)",2005-2010,37,34,7,514,45,19.03,851,60.39,0,0,4
"PK Amre (INDIA)",1991-1994,37,30,5,513,84*,20.52,799,64.2,0,2,1
"Dawlat Zadran (AFG)",2011-2019,82,56,27,513,47*,17.68,664,77.25,0,0,7
"KD Walters (AUS)",1971-1981,28,24,6,513,59,28.5,732,70.08,0,2,1
"JG Bracewell (NZ)",1983-1990,53,43,12,512,43,16.51,717,71.4,0,0,6
"DP Viljoen (ZIM)",1997-2001,53,43,7,512,63*,14.22,827,61.91,0,2,5
"JM Brearley (ENG)",1977-1980,25,24,3,510,78,24.28,1120,45.53,0,3,6
"WD Parnell (SA)",2009-2017,65,38,14,508,56,21.16,648,78.39,0,1,3
"AO Suji (KENYA)",1996-2008,60,46,7,506,67,12.97,977,51.79,0,1,1
"AN Petersen (SA)",2006-2013,21,19,1,504,80,28,610,82.62,0,4,0
"Taufeeq Umar (PAK)",2001-2011,22,22,1,504,81*,24,895,56.31,0,3,0
"PR Reiffel (AUS)",1992-1999,92,57,21,503,58,13.97,709,70.94,0,1,5
"AR Nurse (WI)",2016-2019,54,40,14,502,44,19.3,513,97.85,0,0,2
"JE Emburey (ENG)",1980-1993,61,45,10,501,34,14.31,664,75.45,0,0,3
"Ghulam Shabber (UAE)",2017-2019,23,23,0,500,90,21.73,800,62.5,0,4,2
"GP Swann (ENG)",2000-2013,79,48,12,500,34,13.88,553,90.41,0,0,3
"JH Davey (SCOT)",2010-2019,31,28,6,497,64,22.59,742,66.98,0,2,2
"JJ Tucker (BMUDA)",2006-2009,26,26,1,496,52,19.84,726,68.31,0,1,1
"DJ Callaghan (SA)",1992-2000,29,25,6,493,169*,25.94,726,67.9,1,0,2
"Mohammad Mithun (BDESH)",2014-2019,24,21,2,493,63,25.94,659,74.81,0,4,1
"Naimur Rahman (BDESH)",1995-2002,29,27,2,488,47,19.52,771,63.29,0,0,3
"JWM Dalrymple (ENG)",2006-2007,27,26,1,487,67,19.48,672,72.47,0,2,2
"AC Cummins (CAN/WI)",1991-2007,76,49,13,486,44*,13.5,586,82.93,0,0,4
"R McLaren (SA)",2009-2014,54,41,15,485,71*,18.65,680,71.32,0,1,3
"MRJ Veletta (AUS)",1987-1989,20,19,4,484,68*,32.26,642,75.38,0,2,2
"CS Baugh (WI)",2003-2012,47,35,11,482,49,20.08,719,67.03,0,0,2
"AA Mulla (CAN)",2006-2009,24,24,0,482,58,20.08,595,81,0,1,2
"SR Patel (ENG)",2008-2013,36,22,7,482,70*,32.13,517,93.23,0,1,1
"CD Wallace (SCOT)",2012-2019,28,24,1,482,58,20.95,527,91.46,0,4,1
"DJ Reekers (NL)",2006-2009,19,19,0,481,104,25.31,411,117.03,1,0,3
"TN de Grooth (NL)",2006-2013,34,32,4,480,97,17.14,774,62.01,0,1,1
"DA Minors (BMUDA)",2006-2007,20,20,2,478,68,26.55,791,60.42,0,3,1
"BG Rogers (ZIM)",2002-2005,15,15,0,478,84,31.86,689,69.37,0,5,2
"S Lee (AUS)",1995-2001,45,35,8,477,47,17.66,500,95.4,0,0,3
"SS Iyer (INDIA)",2017-2019,12,10,0,476,88,47.6,454,104.84,0,6,0
"Karim Sadiq (AFG)",2009-2016,24,22,2,475,114*,23.75,587,80.91,2,0,3
"MA Leask (SCOT)",2014-2019,34,28,6,474,59*,21.54,437,108.46,0,3,1
"CA Best (WI)",1986-1992,24,23,4,473,100,24.89,690,68.55,1,2,2
"AJ Bichel (AUS)",1997-2004,67,36,13,471,64,20.47,600,78.5,0,1,5
"L Siaka (PNG)",2014-2019,25,25,0,471,109,18.84,626,75.23,1,1,4
"H Patel (CAN)",2009-2013,23,23,1,468,62,21.27,584,80.13,0,2,3
"MD Shanaka (SL)",2016-2019,22,19,1,468,68,26,404,115.84,0,3,1
"CH Morris (SA)",2013-2019,42,27,4,467,62,20.3,465,100.43,0,1,0
"ALF de Mel (SL)",1982-1987,57,41,9,466,36,14.56,595,78.31,0,0,6
"AO Malhotra (INDIA)",1982-1986,20,19,4,457,65,30.46,645,70.85,0,1,0
"Umar Gul (PAK)",2003-2016,130,65,18,457,39,9.72,642,71.18,0,0,10
"C Sharma (INDIA)",1983-1994,65,35,16,456,101*,24,504,90.47,1,0,3
"GEF Barnett (CAN)",2006-2010,22,22,0,455,77,20.68,745,61.07,0,1,1
"R Gunasekera (CAN)",2008-2014,19,19,0,455,72,23.94,677,67.2,0,6,3
"RR Hendricks (SA)",2018-2019,18,18,1,455,102,26.76,591,76.98,1,2,1
"MD Dai (PNG)",2014-2018,18,18,2,454,76*,28.37,585,77.6,0,3,1
"Minhajul Abedin (BDESH)",1986-1999,27,26,2,453,68*,18.87,909,49.83,0,2,3
"Mehrab Hossain (BDESH)",1998-2003,18,18,0,449,101,24.94,763,58.84,1,2,2
"WIA Fernando (SL)",2016-2019,15,15,0,447,104,29.8,464,96.33,1,2,2
"TE Blain (NZ)",1986-1994,38,38,11,442,49*,16.37,662,66.76,0,0,6
"SAR Silva (SL)",1984-1985,20,20,0,441,85,22.05,838,52.62,0,3,1
"MK Pandey (INDIA)",2015-2018,23,18,6,440,104*,36.66,479,91.85,1,2,2
"GR Viswanath (INDIA)",1974-1982,25,23,1,439,75,19.95,830,52.89,0,2,1
"RL Chase (WI)",2017-2019,25,18,2,438,94,27.37,575,76.17,0,2,2
"JP Maher (AUS)",1998-2003,26,20,3,438,95,25.76,673,65.08,0,1,1
"AH Omarshah (ZIM)",1983-1996,28,28,2,437,60*,16.8,860,50.81,0,1,4
"PL Taylor (AUS)",1987-1992,83,47,25,437,54*,19.86,583,74.95,0,1,4
"DN Chudasama (KENYA)",1996-1999,20,19,0,434,122,22.84,685,63.35,1,1,2
"CJ McDermott (AUS)",1985-1996,138,78,17,432,37,7.08,492,87.8,0,0,15
"CJO Smith (SCOT)",2006-2009,27,26,4,432,59,19.63,640,67.5,0,2,3
"Shafiqullah (AFG)",2009-2018,24,21,2,430,56,22.63,408,105.39,0,2,4
"DR Pringle (ENG)",1982-1993,44,30,12,425,49*,23.61,616,68.99,0,0,1
"MN van Wyk (SA)",2003-2015,17,17,1,425,82,26.56,617,68.88,0,4,2
"AK Sharma (INDIA)",1988-1993,31,27,6,424,59*,20.19,469,90.4,0,3,2
"RC Russell (ENG)",1987-1998,40,31,7,423,50,17.62,638,66.3,0,1,0
"AS Hansra (CAN)",2010-2014,24,22,4,421,70*,23.38,725,58.06,0,2,2
"S Prasanna (SL)",2011-2019,40,37,3,421,95,12.38,445,94.6,0,2,7
"SMA Priyanjan (SL)",2013-2015,23,20,2,420,74,23.33,522,80.45,0,2,0
"AR Adams (NZ)",2001-2007,42,34,10,419,45,17.45,417,100.47,0,0,1
"SR Waters (KENYA)",2008-2011,20,20,0,419,74,20.95,751,55.79,0,2,2
"CO Browne (WI)",1995-2005,46,32,8,415,46*,17.29,590,70.33,0,0,3
"Farhad Reza (BDESH)",2006-2011,34,31,6,412,50,16.48,636,64.77,0,1,2
"Usman Ghani (AFG)",2014-2017,15,15,0,411,118,27.4,520,79.03,1,2,2
"GB Brent (ZIM)",1996-2008,70,54,20,408,59*,12,698,58.45,0,1,3
"CB Lambert (USA/WI)",1990-2004,12,12,0,407,119,33.91,540,75.37,1,2,1
"RW Price (ZIM)",2002-2012,102,59,17,406,46,9.66,701,57.91,0,0,10
"IR Bishop (WI)",1988-1997,84,44,19,405,33*,16.2,776,52.19,0,0,3
"EA Brandes (ZIM)",1987-1999,59,41,10,404,55,13.03,448,90.17,0,2,3
"ID Blackwell (ENG)",2002-2006,34,29,2,403,82,14.92,465,86.66,0,1,6
"F Mutizwa (ZIM)",2009-2011,17,15,2,403,79,31,502,80.27,0,4,2
"JP Bray (IRE)",2006-2007,15,15,1,401,116,28.64,594,67.5,2,0,2
"RG de Alwis (SL)",1983-1988,31,27,8,401,59*,21.1,512,78.32,0,2,2
"S Madan Lal (INDIA)",1974-1987,67,35,14,401,53*,19.09,645,62.17,0,1,1
"TBM de Leede (NL)",1996-2007,29,25,1,400,58*,16.66,628,63.69,0,2,4
"WS Jayantha (SL)",2004-2004,17,17,2,400,74*,26.66,530,75.47,0,2,2
"Mushtaq Ahmed (PAK)",1989-2003,144,76,34,399,34*,9.5,698,57.16,0,0,10
"Sohail Tanvir (PAK)",2007-2014,62,40,11,399,59,13.75,458,87.11,0,1,3
"DR Chumney (CAN)",2003-2007,21,21,2,397,48,20.89,595,66.72,0,0,0
"Mohammad Naveed (UAE)",2014-2019,39,34,10,397,45,16.54,323,122.91,0,0,2
"IA Karim (KENYA)",2011-2014,9,9,0,396,112,44,522,75.86,2,1,0
"AB Barath (WI)",2010-2012,14,14,1,394,113,30.3,612,64.37,1,1,2
"Shoaib Akhtar (Asia/ICC/PAK)",1998-2011,163,84,40,394,43,8.95,538,73.23,0,0,11
"T Thushara (SL)",2008-2010,38,27,6,392,54*,18.66,424,92.45,0,1,4
"PJ Ongondo (Afr/KENYA)",1999-2011,79,62,19,391,36,9.09,621,62.96,0,0,9
"Mirwais Ashraf (AFG)",2009-2016,46,38,11,387,52*,14.33,543,71.27,0,1,3
"AF Giles (ENG)",1997-2005,62,35,13,385,41,17.5,551,69.87,0,0,2
"Hannan Sarkar (BDESH)",2002-2004,20,20,0,383,61,19.15,713,53.71,0,3,2
"Sadiq Mohammad (PAK)",1973-1980,19,19,1,383,74,21.27,755,50.72,0,2,0
"Mehidy Hasan Miraz (BDESH)",2017-2019,38,24,4,381,51,19.05,498,76.5,0,1,0
"MH Dekker (ZIM)",1992-1996,23,22,2,379,79,18.95,798,47.49,0,2,0
"DM Wellham (AUS)",1981-1987,17,17,2,379,97,25.26,699,54.22,0,1,0
"S Bau (PNG)",2016-2019,21,21,1,378,59,18.9,602,62.79,0,1,4
"U Bhatti (CAN)",2006-2010,36,30,8,378,46,17.18,513,73.68,0,0,2
"GF Lawson (AUS)",1980-1989,79,52,18,378,33*,11.11,500,75.6,0,0,9
"MR Ramprakash (ENG)",1991-2001,18,18,4,376,51,26.85,544,69.11,0,1,0
"Al Sahariar (BDESH)",1999-2003,29,29,1,374,62*,13.35,709,52.75,0,2,6
"CC Lewis (ENG)",1990-1998,53,40,14,374,33,14.38,459,81.48,0,0,6
"SMH Kirmani (INDIA)",1976-1986,49,31,13,373,48*,20.72,616,60.55,0,0,2
"DS de Silva (SL)",1975-1985,41,29,10,371,37*,19.52,691,53.69,0,0,0
"S Chattergoon (WI)",2006-2009,18,17,2,370,54*,24.66,615,60.16,0,2,2
"PJ Forrest (AUS)",2012-2012,15,14,0,368,104,26.28,561,65.59,1,3,2
"DW Steyn (Afr/SA)",2005-2019,125,51,12,365,60,9.35,562,64.94,0,1,8
"WM Darling (AUS)",1978-1982,18,18,1,363,74,21.35,679,53.46,0,1,0
"Mohammad Amir (PAK)",2009-2019,61,30,10,363,73*,18.15,444,81.75,0,2,5
"SP Narine (WI)",2011-2016,65,45,12,363,36,11,441,82.31,0,0,8
"SS Karim (INDIA)",1997-2000,34,27,4,362,55,15.73,560,64.64,0,1,2
"R Rampaul (WI)",2003-2015,92,40,11,362,86*,12.48,472,76.69,0,1,3
"Shahriar Hossain (BDESH)",1997-2004,20,19,0,362,95,19.05,682,53.07,0,2,4
"SW Ambris (WI)",2017-2019,9,8,2,361,148,60.16,354,101.97,1,1,0
"Asif Ali (PAK)",2018-2019,18,14,1,361,52,27.76,280,128.92,0,3,0
"DG Brownlie (NZ)",2012-2017,16,15,1,361,63,25.78,486,74.27,0,1,0
"Hazratullah Zazai (AFG)",2018-2019,16,16,0,361,67,22.56,409,88.26,0,2,1
"WK McCallan (IRE)",2006-2009,39,28,10,361,50*,20.05,419,86.15,0,1,5
"RC Irani (ENG)",1996-2003,31,30,5,360,53,14.4,549,65.57,0,1,7
"Mushfiqur Rahman (BDESH)",2000-2004,28,25,3,360,49,16.36,690,52.17,0,0,4
"BJ Patel (KENYA)",2001-2006,31,25,3,360,44,16.36,736,48.91,0,0,4
"AD Brown (ENG)",1996-2001,16,16,0,354,118,22.12,427,82.9,1,1,2
"ADS Fletcher (WI)",2008-2016,25,25,0,354,54,14.16,549,64.48,0,2,3
"Nasir Jamal (AFG)",2014-2018,16,14,1,352,53,27.07,537,65.54,0,3,1
"Wajahatullah Wasti (PAK)",1999-2000,15,15,0,349,84,23.26,713,48.94,0,1,1
"Aaron Jones (USA)",2019-2019,9,9,0,348,95,38.66,521,66.79,0,3,1
"MA Starc (AUS)",2010-2019,85,46,18,348,52*,12.42,389,89.46,0,1,7
"Zahid Fazal (PAK)",1990-1994,19,18,3,348,98*,23.2,584,59.58,0,2,0
"RR Pant (INDIA)",2018-2019,15,13,0,346,71,26.61,328,105.48,0,1,1
"RDB Croft (ENG)",1996-2001,50,36,12,345,32,14.37,519,66.47,0,0,4
"Ashfaq Ahmed (UAE)",2018-2019,16,16,0,344,92,21.5,387,88.88,0,2,1
"GP Wickramasinghe (SL)",1990-2002,134,64,24,344,32,8.6,543,63.35,0,0,12
"DNT Zoysa (SL)",1997-2007,95,47,21,343,47*,13.19,358,95.81,0,0,5
"HH Kanitkar (INDIA)",1997-2000,34,27,8,339,57,17.84,512,66.21,0,1,2
"M Vijay (INDIA)",2010-2015,17,16,0,339,72,21.18,506,66.99,0,1,0
"BE Congdon (NZ)",1973-1978,11,9,3,338,101,56.33,472,71.61,1,2,0
"CM Old (ENG)",1973-1981,32,25,7,338,51*,18.77,401,84.28,0,1,4
"Shadab Khan (PAK)",2017-2019,43,22,9,337,54,25.92,491,68.63,0,3,2
"MG Burgess (NZ)",1973-1981,26,20,0,336,47,16.8,515,65.24,0,0,1
"NM Hauritz (AUS)",2002-2011,58,32,17,336,53*,22.4,349,96.27,0,1,0
"SD Outerbridge (BMUDA)",2006-2009,23,23,0,336,56,14.6,612,54.9,0,1,4
"Tapash Baisya (BDESH)",2002-2007,56,41,13,336,35*,12,576,58.33,0,0,4
"SS Pathirana (SL)",2015-2017,18,14,1,332,56,25.53,383,86.68,0,1,0
"KA Edwards (WI)",2011-2014,16,16,2,331,123*,23.64,494,67,1,0,3
"Manjural Islam Rana (BDESH)",2003-2006,25,21,5,331,63,20.68,668,49.55,0,1,1
"S Mukuddem (BMUDA)",2006-2007,20,18,4,331,57,23.64,650,50.92,0,1,2
"Adnan Mufti (UAE)",2017-2018,18,16,4,330,57*,27.5,409,80.68,0,1,0
"Asif Iqbal (PAK)",1973-1979,10,8,2,330,62,55,466,70.81,0,5,0
"ZE Surkari (CAN)",2008-2011,23,22,3,328,49,17.26,656,50,0,0,1
"DJ Capel (ENG)",1987-1990,23,19,2,327,50*,19.23,479,68.26,0,1,0
"MH Yardy (ENG)",2006-2011,28,24,8,326,60*,20.37,472,69.06,0,2,1
"ML Nkala (ZIM)",1998-2006,50,35,5,324,47,10.8,526,61.59,0,0,5
"Saeed Ajmal (PAK)",2008-2015,113,70,24,324,33,7.04,535,60.56,0,0,11
"RP Snell (SA)",1991-1996,42,28,8,322,63,16.1,330,97.57,0,2,1
"KJJ van Noortwijk (NL)",1996-2003,9,9,2,322,134*,46,428,75.23,1,1,1
"Anwar Ali (PAK)",2013-2016,22,16,5,321,43*,29.18,367,87.46,0,0,0
"CA Walsh (WI)",1985-2000,205,79,33,321,30,6.97,451,71.17,0,0,11
"RB McCosker (AUS)",1975-1982,14,14,0,320,95,22.85,623,51.36,0,2,2
"DR Brown (ENG/SCOT)",1997-2007,25,24,6,319,50*,17.72,481,66.32,0,1,3
"HP Rinke (ZIM)",2006-2006,18,18,0,317,72,17.61,378,83.86,0,3,2
"Faisal Iqbal (PAK)",2000-2006,18,16,2,314,100*,22.42,519,60.5,1,0,3
"NAM McLean (WI)",1996-2003,45,34,8,314,50*,12.07,383,81.98,0,1,7
"Mohammad Sami (PAK)",2001-2015,87,46,19,314,46,11.62,490,64.08,0,0,5
"B Wood (ENG)",1972-1982,13,12,2,314,78*,31.4,647,48.53,0,2,1
"VV Morea (PNG)",2014-2018,13,13,1,313,65*,26.08,460,68.04,0,3,1
"RC Fredericks (WI)",1973-1977,12,12,0,311,105,25.91,440,70.68,1,1,0
"BR Hartland (NZ)",1992-1994,16,16,1,311,68*,20.73,623,49.91,0,2,1
"Chirag Suri (UAE)",2018-2019,14,14,0,310,67,22.14,545,56.88,0,2,3
"N Chopra (INDIA)",1998-2000,39,26,6,310,61,15.5,498,62.24,0,1,1
"BC Hollioake (ENG)",1997-2002,20,17,2,309,63,20.6,381,81.1,0,2,3
"Nafees Iqbal (BDESH)",2003-2005,16,16,0,309,58,19.31,568,54.4,0,2,1
"KAJ Roach (WI)",2008-2019,92,57,34,308,34,13.39,576,53.47,0,0,8
"Ihsanullah (AFG)",2017-2018,16,16,2,307,57*,21.92,440,69.77,0,3,2
"DM Benkenstein (SA)",1998-2002,23,20,3,305,69,17.94,463,65.87,0,1,3
"TK Musakanda (ZIM)",2016-2018,15,15,1,304,60,21.71,382,79.58,0,1,1
"LE Bosman (Afr/SA)",2006-2010,14,12,0,301,88,25.08,305,98.68,0,2,2
"CMW Read (ENG)",2000-2006,36,24,7,300,30*,17.64,410,73.17,0,0,4
"WKM Benjamin (WI)",1986-1995,85,52,12,298,31,7.45,406,73.39,0,0,10
"GS Ballance (ENG)",2013-2015,16,15,1,297,79,21.21,443,67.04,0,2,1
"PA Nixon (ENG)",2007-2007,19,18,4,297,49,21.21,347,85.59,0,0,2
"Zahoor Elahi (PAK)",1996-1997,14,14,1,297,86,22.84,507,58.57,0,3,3
"CJA Amini (PNG)",2014-2019,15,15,1,296,61*,21.14,430,68.83,0,2,1
"DN Crookes (SA)",1994-2000,32,23,3,296,54,14.8,412,71.84,0,1,3
"AJ Pycroft (ZIM)",1983-1992,20,19,2,295,61,17.35,560,52.67,0,2,2
"DR Tuffey (NZ)",2000-2010,94,52,21,295,36,9.51,372,79.3,0,0,7
"DL Murray (WI)",1973-1980,26,17,5,294,61*,24.5,468,62.82,0,2,0
"SJ Myburgh (NL)",2011-2018,13,13,1,294,56,24.5,339,86.72,0,2,2
"JL Denly (ENG)",2009-2019,13,11,0,293,67,26.63,447,65.54,0,2,0
"SE Bond (NZ)",2002-2010,82,40,22,292,31*,16.22,384,76.04,0,0,2
"P Kumar (INDIA)",2007-2012,68,33,12,292,54*,13.9,331,88.21,0,1,2
"SM Sharif (SCOT)",2011-2019,44,33,16,292,34,17.17,394,74.11,0,0,3
"Tanwir Afzal (HKG)",2014-2018,20,19,3,292,73,18.25,255,114.5,0,1,3
"RN Lewis (WI)",1997-2009,28,21,5,291,49,18.18,367,79.29,0,0,1
"DA Reeve (ENG)",1991-1996,29,21,9,291,35,24.25,389,74.8,0,0,0
"CS Pandit (INDIA)",1986-1992,36,23,9,290,33*,20.71,400,72.5,0,0,2
"Sanwar Hossain (BDESH)",1998-2003,27,27,2,290,52,11.6,597,48.57,0,1,2
"SMSM Senanayake (SL)",2012-2015,49,33,11,290,42,13.18,311,93.24,0,0,6
"JN Gillespie (AUS)",1996-2005,97,39,16,289,44*,12.56,368,78.53,0,0,8
"IDR Bradshaw (WI)",2004-2007,62,34,11,287,37,12.47,480,59.79,0,0,6
"KM Curran (ZIM)",1983-1987,11,11,0,287,73,26.09,430,66.74,0,2,1
"LG Howell (NZ)",1998-1998,12,12,0,287,68,23.91,388,73.96,0,4,1
"MK Tiwary (INDIA)",2008-2015,12,12,1,287,104*,26.09,403,71.21,1,1,0
"D Lloyd (ENG)",1973-1980,8,8,1,285,116*,40.71,526,54.18,1,0,0
"VJ Marks (ENG)",1980-1988,34,24,3,285,44,13.57,434,65.66,0,0,0
"JAR Blain (SCOT)",1999-2009,33,25,6,284,41,14.94,517,54.93,0,0,3
"NO Miller (WI)",2008-2018,50,27,13,284,51,20.28,359,79.1,0,1,4
"LP van Troost (NL)",2002-2007,23,20,2,284,40,15.77,456,62.28,0,0,2
"A Dananjaya (SL)",2012-2019,36,27,5,283,50*,12.86,411,68.85,0,1,2
"MA Holding (WI)",1976-1987,102,42,11,282,64,9.09,377,74.8,0,2,9
"MA Jones (SCOT)",2018-2019,8,8,0,281,87,35.12,401,70.07,0,3,0
"Hasan Ali (PAK)",2016-2019,53,29,9,280,59,14,247,113.36,0,2,3
"S Randiv (SL)",2009-2016,31,18,2,280,56,17.5,382,73.29,0,1,2
"CL King (WI)",1976-1980,18,14,2,280,86,23.33,267,104.86,0,1,2
"RS Sodhi (INDIA)",2000-2002,18,14,3,280,67,25.45,381,73.49,0,2,0
"DJ Willey (ENG)",2015-2019,46,27,12,279,50,18.6,339,82.3,0,1,1
"KC Brathwaite (WI)",2016-2017,10,10,0,278,78,27.8,483,57.55,0,1,0
"JE Taylor (WI)",2003-2017,90,42,9,278,43*,8.42,323,86.06,0,0,7
"AV Vadher (KENYA)",1997-1999,18,16,6,278,73*,27.8,512,54.29,0,2,1
"Mehrab Hossain jnr (BDESH)",2006-2009,18,16,0,276,54,17.25,642,42.99,0,1,1
"JM Anderson (ENG)",2002-2015,194,79,43,273,28,7.58,561,48.66,0,0,10
"DT Christian (AUS)",2012-2014,19,18,5,273,39,21,307,88.92,0,0,0
"GH Worker (NZ)",2015-2018,10,10,2,272,58,34,379,71.76,0,3,0
"SW Billings (ENG)",2015-2018,15,12,0,271,62,22.58,298,90.93,0,2,1
"JW Hastings (AUS)",2010-2017,29,21,11,271,51,27.1,273,99.26,0,1,1
"DT Tiripano (ZIM)",2014-2019,31,22,6,271,44,16.93,468,57.9,0,0,1
"Umar Amin (PAK)",2010-2018,16,16,1,271,59,18.06,392,69.13,0,1,0
"AM Bacher (SA)",1997-2005,13,13,0,270,56,20.76,469,57.56,0,1,0
"Jahurul Islam (BDESH)",2010-2013,14,13,1,270,53,22.5,371,72.77,0,1,2
"KBJ Azad (INDIA)",1980-1986,25,21,2,269,39*,14.15,400,67.25,0,0,3
"AD Gaekwad (INDIA)",1975-1987,15,14,1,269,78*,20.69,509,52.84,0,1,2
"AW Greig (ENG)",1972-1977,22,19,3,269,48,16.81,378,71.16,0,0,1
"M Morkel (Afr/SA)",2007-2018,117,47,18,268,32*,9.24,354,75.7,0,0,9
"Aaqib Javed (PAK)",1988-1998,163,51,26,267,45*,10.68,456,58.55,0,0,7
"Shamsur Rahman (BDESH)",2013-2014,10,10,0,266,96,26.6,350,76,0,2,2
"CA Soper (PNG)",2016-2019,20,19,4,265,39,17.66,496,53.42,0,0,1
"JM Vince (ENG)",2015-2019,13,11,0,265,51,24.09,299,88.62,0,1,1
"Afsar Zazai (AFG)",2014-2017,17,16,1,264,60,17.6,488,54.09,0,2,3
"MH Denness (ENG)",1973-1975,12,11,2,264,66,29.33,417,63.3,0,1,1
"S Jyoti (CAN)",2006-2010,14,13,1,264,117,22,442,59.72,1,0,3
"SP Patil (UAE)",2014-2015,13,12,2,263,99*,26.3,404,65.09,0,2,1
"HJW Gardiner (SCOT)",2013-2015,11,11,0,262,96,23.81,396,66.16,0,2,1
"Mohammad Saifuddin (BDESH)",2017-2019,20,12,3,262,51*,29.11,322,81.36,0,2,1
"Naved Latif (PAK)",2001-2003,11,11,0,262,113,23.81,417,62.82,1,0,1
"Aizaz Khan (HKG)",2014-2018,19,15,2,260,44,20,374,69.51,0,0,1
"MD Patel (USA)",2019-2019,9,9,1,260,82,32.5,392,66.32,0,2,3
"AR McBrine (IRE)",2014-2019,42,25,9,259,79,16.18,356,72.75,0,1,1
"K Rabada (SA)",2015-2019,75,28,12,259,31*,16.18,333,77.77,0,0,2
"Ahmed Raza (UAE)",2014-2019,28,24,4,258,50,12.9,463,55.72,0,1,4
"KJ Wadsworth (NZ)",1973-1976,13,10,1,258,104,28.66,334,77.24,1,0,1
"ML Udawatte (SL)",2008-2008,9,9,0,257,73,28.55,383,67.1,0,2,1
"SS Dighe (INDIA)",2000-2001,23,17,6,256,94*,23.27,421,60.8,0,1,1
"R Edwards (AUS)",1972-1975,9,8,1,255,80*,36.42,349,73.06,0,3,1
"AD Poynter (IRE)",2008-2014,19,16,3,255,78,19.61,412,61.89,0,2,3
"N Vanua (PNG)",2014-2019,23,20,3,254,35,14.94,289,87.88,0,0,2
"S Ranatunga (SL)",1994-1996,13,11,0,253,70,23,526,48.09,0,2,0
"IP Butchart (ZIM)",1983-1995,20,16,2,252,54,18,395,63.79,0,1,2
"NM Coulter-Nile (AUS)",2013-2019,32,21,6,252,92,16.8,262,96.18,0,1,2
"J Edness (BMUDA)",2007-2008,11,11,2,252,72,28,403,62.53,0,1,1
"JFM Morrison (NZ)",1975-1983,18,15,3,252,55,21,472,53.38,0,1,0
"HA Varaiya (KENYA)",2006-2014,63,38,17,252,34,12,489,51.53,0,0,3
"H Klaasen (SA)",2018-2019,14,13,2,251,59,22.81,291,86.25,0,1,1
"JJ Atkinson (HKG)",2008-2017,9,9,0,250,59,27.77,398,62.81,0,1,0
"JAH Marshall (NZ)",2005-2008,10,10,0,250,161,25,313,79.87,1,1,2
"CT Radley (ENG)",1978-1978,4,4,1,250,117*,83.33,367,68.11,1,1,0
"AR Caddick (ENG)",1993-2003,54,38,18,249,36,12.45,395,63.03,0,0,6
"GF Labrooy (SL)",1986-1992,44,36,7,249,33,8.58,350,71.14,0,0,6
"JD Campbell (WI)",2019-2019,6,5,0,248,179,49.6,214,115.88,1,0,0
"JM Parker (NZ)",1974-1981,24,20,0,248,66,12.4,403,61.53,0,1,1
"RB Reid (NZ)",1988-1991,9,9,0,248,64,27.55,448,55.35,0,2,0
"RH Vance (NZ)",1988-1989,8,8,0,248,96,31,481,51.55,0,1,0
"MA Suji (KENYA)",1996-2006,64,52,22,247,16*,8.23,526,46.95,0,0,9
"A Turner (AUS)",1975-1975,6,6,0,247,101,41.16,309,79.93,1,0,0
"K Doriga (PNG)",2017-2019,14,13,2,246,89*,22.36,388,63.4,0,1,1
"AD Mascarenhas (ENG)",2007-2009,20,13,2,245,52,22.27,257,95.33,0,1,2
"SM Davies (ENG)",2009-2011,8,8,0,244,87,30.5,231,105.62,0,1,1
"JP Kotze (NAM)",2019-2019,5,5,0,244,136,48.8,267,91.38,1,0,0
"RAS Lakmal (SL)",2009-2019,85,48,22,244,26,9.38,404,60.39,0,0,9
"Qaiser Ali (CAN)",2006-2008,17,17,1,244,70,15.25,383,63.7,0,2,3
"RP Burl (ZIM)",2017-2019,18,15,3,243,53,20.25,357,68.06,0,1,1
"BP Patel (INDIA)",1974-1979,10,9,1,243,82,30.37,399,60.9,0,1,0
"PR Downton (ENG)",1977-1988,28,20,5,242,44*,16.13,358,67.59,0,0,2
"Hasan Raza (PAK)",1996-1999,16,13,0,242,77,18.61,480,50.41,0,1,1
"MJ Di Venuto (AUS)",1997-1997,9,9,0,241,89,26.77,281,85.76,0,2,0
"GD Drummond (SCOT)",2007-2013,30,20,7,240,35*,18.46,262,91.6,0,0,2
"DK Lillee (AUS)",1972-1983,63,34,8,240,42*,9.23,320,75,0,0,6
"CM Wright (SCOT)",2006-2009,20,18,3,240,37,16,351,68.37,0,0,2
"Amjad Javed (UAE)",2008-2017,15,13,1,239,56,19.91,267,89.51,0,1,1
"CRD Fernando (Asia/SL)",2001-2012,147,61,35,239,20,9.19,392,60.96,0,0,9
"J Garner (WI)",1977-1987,98,41,15,239,37,9.19,360,66.38,0,0,5
"T Panyangara (ZIM)",2004-2016,65,49,13,239,33,6.63,463,51.61,0,0,9
"KJ Arnott (ZIM)",1987-1993,13,12,2,238,60,23.8,491,48.47,0,3,0
"DC Thomas (WI)",2009-2013,21,19,2,238,37,14,364,65.38,0,0,3
"NS Poonia (SCOT)",2006-2009,21,21,0,237,67,11.28,377,62.86,0,1,7
"Enamul Haque (BDESH)",1990-2002,29,26,5,236,32,11.23,479,49.26,0,0,1
"GJ Hopkins (NZ)",2004-2010,25,17,1,236,45,14.75,311,75.88,0,0,3
"LM Jongwe (ZIM)",2014-2016,22,19,3,236,46,14.75,303,77.88,0,0,2
"Khurram Manzoor (PAK)",2008-2009,7,7,0,236,83,33.71,375,62.93,0,3,1
"GR Codrington (CAN)",2006-2007,17,15,3,235,45*,19.58,372,63.17,0,0,1
"JP Crawley (ENG)",1994-1999,13,12,1,235,73,21.36,408,57.59,0,2,2
"P Khadka (NEPAL)",2018-2019,6,6,0,235,115,39.16,286,82.16,1,1,0
"PJ Cummins (AUS)",2011-2019,58,35,12,234,36,10.17,328,71.34,0,0,5
"Iftikhar Anjum (PAK)",2004-2010,62,34,19,234,32,15.6,378,61.9,0,0,4
"Ikram Alikhil (AFG)",2019-2019,12,12,3,234,86,26,386,60.62,0,2,0
"P Mustard (ENG)",2007-2008,10,10,0,233,83,23.3,252,92.46,0,1,0
"AME Roberts (WI)",1975-1983,56,32,9,231,37*,10.04,357,64.7,0,0,3
"STR Binny (INDIA)",2014-2015,14,11,3,230,77,28.75,246,93.49,0,1,1
"TM Chappell (AUS)",1980-1983,20,13,0,229,110,17.61,365,62.73,1,0,2
"SHU Karnain (SL)",1984-1990,19,17,5,229,41*,19.08,386,59.32,0,0,2
"TM Dowlin (WI)",2009-2010,11,11,2,228,100*,25.33,348,65.51,1,1,2
"DR Flynn (NZ)",2008-2012,20,17,2,228,35,15.2,360,63.33,0,0,3
"AY Karim (KENYA)",1996-2003,34,24,6,228,53,12.66,375,60.8,0,1,5
"SR Thompson (IRE)",2013-2017,20,15,1,228,39,16.28,251,90.83,0,0,0
"M Dillon (WI)",1997-2005,108,51,20,227,21*,7.32,411,55.23,0,0,9
"AMJ Hilditch (AUS)",1979-1985,8,8,0,226,72,28.25,476,47.47,0,1,0
"Raza-ur-Rehman (CAN)",2013-2014,6,5,0,225,88,45,262,85.87,0,3,1
"BP Julian (AUS)",1993-1999,25,17,0,224,35,13.17,250,89.6,0,0,4
"KR Stackpole (AUS)",1971-1974,6,6,0,224,61,37.33,387,57.88,0,3,0
"JH Edrich (ENG)",1971-1975,7,6,0,223,90,37.16,325,68.61,0,2,0
"V Shankar (INDIA)",2019-2019,12,8,1,223,46,31.85,246,90.65,0,0,0
"KM Jarvis (ZIM)",2009-2019,49,33,10,222,37,9.65,337,65.87,0,0,4
"Aqib Ilyas (OMAN)",2019-2019,5,5,0,221,63,44.2,282,78.36,0,2,0
"BKV Prasad (INDIA)",1994-2001,161,63,31,221,19,6.9,367,60.21,0,0,8
"Sarfraz Nawaz (PAK)",1973-1984,45,31,8,221,34*,9.6,345,64.05,0,0,5
"Wasim Bari (PAK)",1973-1984,51,26,13,221,34,17,431,51.27,0,0,0
"HS Baidwan (CAN)",2008-2014,32,22,7,220,33,14.66,339,64.89,0,0,3
"DR Lockhart (SCOT)",2006-2010,14,11,2,218,46,24.22,341,63.92,0,0,1
"Y Venugopal Rao (INDIA)",2005-2006,16,11,2,218,61*,24.22,363,60.05,0,1,2
"NR Kumar (CAN)",2010-2014,16,15,1,217,38,15.5,397,54.65,0,0,1
"FA Rose (WI)",1997-2000,27,23,5,217,30,12.05,265,81.88,0,0,2
"EO Simons (SA)",1994-1995,23,18,4,217,24,15.5,295,73.55,0,0,1
"V Dahiya (INDIA)",2000-2001,19,15,2,216,51,16.61,267,80.89,0,1,2
"WK Lees (NZ)",1979-1983,31,24,5,215,26,11.31,307,70.03,0,0,1
"NO Perry (WI)",1999-2000,21,16,8,212,52*,26.5,340,62.35,0,1,2
"FRJ Coleman (SCOT)",2013-2015,16,14,0,211,70,15.07,344,61.33,0,1,2
"MJ Henry (NZ)",2014-2019,52,21,7,211,48*,15.07,211,100,0,0,3
"KS Lokuarachchi (SL)",2003-2007,21,18,3,210,69,14,262,80.15,0,1,2
"CPH Ramanayake (SL)",1986-1995,62,35,14,210,26,10,374,56.14,0,0,7
"Tahir Naqqash (PAK)",1980-1985,40,23,9,210,61,15,242,86.77,0,1,4
"Mushtaq Mohammad (PAK)",1973-1978,10,9,3,209,55,34.83,353,59.2,0,1,0
"MHW Papps (NZ)",2004-2005,6,6,2,207,92*,51.75,342,60.52,0,2,0
"DL Bairstow (ENG)",1979-1984,21,20,6,206,23*,14.71,390,52.82,0,0,1
"AR Berenger (UAE)",2014-2015,10,10,0,205,66,20.5,304,67.43,0,2,0
"PE McEwan (NZ)",1980-1985,17,15,0,204,41,13.6,346,58.95,0,0,0
"JA Rennie (ZIM)",1993-2000,44,27,12,201,27,13.4,391,51.4,0,0,6
"APE Knott (ENG)",1971-1977,20,14,4,200,50,20,247,80.97,0,1,2
"NW Bracken (AUS)",2001-2009,116,35,18,199,21*,11.7,282,70.56,0,0,5
"AJ Burger (NAM)",2003-2003,6,6,0,199,85,33.16,198,100.5,0,1,0
"Mohammad Nawaz (3) (PAK)",2016-2019,15,12,3,199,53,22.11,213,93.42,0,1,0
"Moin-ul-Atiq (PAK)",1988-1989,5,5,0,199,105,39.8,279,71.32,1,0,0
"M Ntini (ICC/SA)",1998-2009,173,47,24,199,42*,8.65,298,66.77,0,0,9
"Ijaz Faqih (PAK)",1980-1988,27,19,3,197,42*,12.31,351,56.12,0,0,4
"GA Lamb (ZIM)",2010-2011,15,14,3,197,37,17.9,381,51.7,0,0,1
"MR Swart (NL)",2011-2014,12,11,1,197,52,19.7,272,72.42,0,1,1
"T Maruma (ZIM)",2007-2019,21,18,1,196,35,11.52,330,59.39,0,0,1
"AP Devcich (NZ)",2013-2016,12,11,0,195,58,17.72,253,77.07,0,1,2
"GSNFG Jayasuriya (SL)",2015-2019,12,10,1,195,96,21.66,273,71.42,0,1,2
"ASA Perera (SL)",1998-2001,20,13,2,195,56*,17.72,257,75.87,0,1,1
"Akram Raza (PAK)",1989-1995,49,25,14,193,33*,17.54,310,62.25,0,0,4
"PJ Ingram (NZ)",2010-2010,8,7,0,193,69,27.57,238,81.09,0,1,0
"C Pringle (NZ)",1990-1995,64,41,19,193,34*,8.77,256,75.39,0,0,3
"V Rathour (INDIA)",1996-1997,7,7,0,193,54,27.57,331,58.3,0,2,0
"Simi Singh (IRE)",2017-2019,15,14,1,193,45,14.84,332,58.13,0,0,1
"MM Iqbal (SCOT)",2009-2014,13,12,4,192,63,24,360,53.33,0,1,2
"CJ Smith (BMUDA)",2006-2007,12,12,0,192,52,16,245,78.36,0,1,3
"Abid Ali (PAK)",2019-2019,4,4,0,191,112,47.75,196,97.44,1,1,1
"DAG Fletcher (ZIM)",1983-1983,6,6,2,191,71*,47.75,289,66.08,0,2,0
"TN Madondo (ZIM)",1998-2001,13,13,1,191,71,15.91,331,57.7,0,1,2
"Mohammad Boota (UAE)",2018-2019,9,9,1,191,59*,23.87,252,75.79,0,1,0
"Shabir Noori (AFG)",2010-2016,10,10,0,191,94,19.1,300,63.66,0,1,2
"CJ McKay (AUS)",2009-2014,59,31,10,190,30,9.04,337,56.37,0,0,3
"Mohammad Shahzad (UAE)",2014-2016,6,6,0,190,79,31.66,225,84.44,0,2,2
"Usman Limbada (CAN)",2010-2014,11,11,1,189,50,18.9,284,66.54,0,1,1
"BAW Mendis (SL)",2008-2015,87,42,19,188,21*,8.17,263,71.48,0,0,10
"TJ Murtagh (IRE)",2012-2019,58,36,12,188,23*,7.83,298,63.08,0,0,7
"T Mupariwa (ZIM)",2004-2016,40,32,10,185,33,8.4,325,56.92,0,0,9
"SW Poynter (IRE)",2014-2019,21,19,5,185,36,13.21,278,66.54,0,0,2
"EAE Baptiste (WI)",1983-1990,43,16,4,184,31,15.33,241,76.34,0,0,0
"JL Ontong (Afr/SA)",2001-2012,28,16,2,184,32,13.14,267,68.91,0,0,1
"Saadat Ali (PAK)",1984-1984,8,7,1,184,78*,30.66,341,53.95,0,1,0
"Sohag Gazi (BDESH)",2012-2014,20,16,4,184,30,15.33,213,86.38,0,0,0
"SI de Saram (SL)",1999-2001,15,13,2,183,38,16.63,270,67.77,0,0,0
"SJ Benn (WI)",2008-2016,47,30,7,182,31,7.91,240,75.83,0,0,5
"SR Taylor (USA)",2019-2019,9,9,0,182,56,20.22,265,68.67,0,1,2
"AR Patel (INDIA)",2014-2017,38,20,6,181,38,12.92,190,95.26,0,0,3
"JR Thomson (AUS)",1975-1985,50,30,6,181,21,7.54,280,64.64,0,0,5
"SB Bangar (INDIA)",2002-2004,15,15,2,180,57*,13.84,239,75.31,0,1,3
"DG Cork (ENG)",1992-2002,32,21,3,180,31*,10,271,66.42,0,0,4
"WF Stelling (NL)",2006-2007,15,11,5,180,44,30,272,66.17,0,0,1
"B Warnapura (SL)",1975-1982,12,12,0,180,77,15,415,43.37,0,1,1
"Mazhar Hussain (UAE)",1994-1996,7,7,0,179,70,25.57,334,53.59,0,1,0
"DM Richards (WI)",2009-2010,8,7,0,179,59,25.57,251,71.31,0,2,0
"TK Curran (ENG)",2017-2019,17,11,7,178,47*,44.5,166,107.22,0,0,2
"SC Khanna (INDIA)",1979-1984,10,10,2,176,56,22,265,66.41,0,2,1
"TC Bastiampillai (CAN)",2007-2014,13,13,0,175,49,13.46,301,58.13,0,0,2
"BR Blair (NZ)",1982-1986,14,14,2,174,29*,14.5,253,68.77,0,0,2
"GC Dyer (AUS)",1986-1988,23,13,2,174,45*,15.81,227,76.65,0,0,1
"MD Moxon (ENG)",1985-1988,8,8,0,174,70,21.75,325,53.53,0,1,1
"GRJ Roope (ENG)",1973-1978,8,8,0,173,44,21.62,342,50.58,0,0,1
